acousticness,danceability,duration_ms,energy,explicit,instrumentalness,key,liveness,loudness,mode,popularity,speechiness,tempo,valence,year
0.972,0.567,313293,0.227,0,0.601,10,0.11,-13.441,1,47,0.029,136.123,0.0396,2000
0.321,0.821,360240,0.418,0,0.000372,9,0.222,-9.841,0,51,0.0407,117.382,0.803,2000
0.00659,0.706,202507,0.602,1,0.000138,11,0.4,-8.306,0,44,0.342,89.692,0.479,2000
0.0039,0.368,173360,0.977,0,0,11,0.35,-2.757,0,52,0.127,165.889,0.548,2000
0.122,0.501,344200,0.511,0,0,7,0.279,-9.836,0,53,0.0291,78.045,0.113,2000
0.0666,0.829,195293,0.614,1,0.00085,1,0.0975,-8.546,1,46,0.267,90.924,0.496,2000
0.00747,0.352,174773,0.985,0,0.00102,2,0.367,-2.555,1,40,0.22,129.973,0.241,2000
0.0792,0.974,56893,0.604,0,0,7,0.0528,-8.979,1,39,0.036,114.047,0.998,2000
0.0004,0.505,334893,0.617,0,0.0131,8,0.421,-7.744,1,41,0.0251,96.976,0.417,2000
0.759,0.17,181867,0.0504,0,0.948,4,0.112,-29.687,0,47,0.0377,127.418,0.0963,2000
0.575,0.809,157667,0.726,0,0.235,9,0.18,-8.209,0,39,0.0274,102.779,0.92,2000
0.655,0.735,96133,0.521,0,0.024,1,0.207,-12.161,1,42,0.0317,113.545,0.946,2000
0.988,0.233,248600,0.122,0,0.00354,10,0.0916,-19.528,1,52,0.0333,90.593,0.0991,2000
0.197,0.598,256493,0.581,0,0,8,0.121,-7.61,1,38,0.0418,73.071,0.696,2000
0.197,0.953,289587,0.563,0,2.72E-05,2,0.0448,-7.84,1,42,0.0418,129.857,0.861,2000
0.000442,0.506,126990,0.941,0,7.08E-06,10,0.0819,-6.812,0,43,0.164,105.195,0.403,2000
6.13E-05,0.314,195067,0.688,0,2.45E-05,11,0.146,-7.524,1,40,0.0306,186.348,0.536,2000
0.178,0.46,278880,0.772,0,4.40E-05,10,0.182,-9.724,0,41,0.419,174.935,0.741,2000
0.0462,0.673,220867,0.82,0,0,5,0.129,-5.265,0,38,0.17,87.231,0.718,2000
0.00437,0.462,210600,0.713,0,0.358,7,0.382,-6.031,1,40,0.0315,133.736,0.67,2000
0.135,0.878,221080,0.594,0,7.67E-05,0,0.0692,-6.548,1,44,0.0443,134.718,0.916,2000
0.436,0.708,175560,0.491,0,1.33E-06,8,0.183,-7.158,1,41,0.0452,114.164,0.964,2000
0.197,0.884,210080,0.687,0,3.78E-05,4,0.192,-5.633,0,49,0.172,99.067,0.753,2000
0.37,0.511,396333,0.379,0,0,8,0.148,-10.184,1,39,0.0262,95.076,0.192,2000
0.175,0.56,228360,0.647,0,0,9,0.0439,-8.266,1,47,0.0307,152.002,0.858,2000
0.489,0.454,143987,0.568,0,3.74E-06,10,0.326,-7.074,1,42,0.106,197.795,0.971,2000
0.000126,0.609,203773,0.843,0,0.000239,6,0.0535,-3.9,1,43,0.0369,92.928,0.625,2000
0.0256,0.771,235200,0.745,0,0.000374,11,0.107,-10.217,0,40,0.0904,106.709,0.599,2000
0.000154,0.409,201467,0.872,0,5.08E-05,6,0.167,-5.257,0,40,0.111,200.243,0.412,2000
0.51,0.274,261965,0.742,0,0.000147,2,0.324,-5.624,1,54,0.0433,85.493,0.334,2000
0.101,0.442,249840,0.447,0,0,0,0.0962,-8.838,1,39,0.0252,149.652,0.16,2000
0.00498,0.578,205373,0.946,0,1.02E-05,5,0.269,-3.091,0,42,0.0449,119.938,0.545,2000
0.117,0.518,277200,0.784,0,0,2,0.0954,-8.924,1,39,0.0369,135.25,0.736,2000
0.000194,0.307,160960,0.985,1,0.596,2,0.252,-3.11,1,44,0.0837,117.507,0.65,2000
0.425,0.577,380333,0.349,0,0,8,0.134,-7.77,1,40,0.0312,124.01,0.131,2000
0.793,0.184,309986,0.219,0,0,3,0.0693,-13.497,1,54,0.0302,176.42,0.21,2000
0.0288,0.305,421107,0.95,0,0.00442,11,0.369,-6.527,0,44,0.192,142.454,0.633,2000
0.132,0.641,274027,0.854,0,0,7,0.1,-4.628,1,39,0.0274,114.433,0.679,2000
0.205,0.313,272267,0.505,0,0,4,0.0843,-9.406,0,41,0.0747,167.352,0.237,2000
0.223,0.565,246533,0.709,0,0,1,0.386,-5.475,1,41,0.033,132.132,0.309,2000
0.24,0.457,144493,0.652,0,0.0761,4,0.0612,-11.691,0,43,0.0307,89.408,0.0643,2000
0.629,0.606,516533,0.568,0,0.00418,11,0.116,-5.294,1,49,0.0421,77.067,0.427,2000
0.89,0.154,775307,0.00261,0,0.763,1,0.125,-36.267,1,46,0.0419,83.549,0.0366,2000
0.0712,0.8,330333,0.749,1,0,8,0.0929,-6.717,0,38,0.394,109.925,0.74,2000
0.0829,0.539,150867,0.74,0,0.893,10,0.399,-7.315,1,47,0.0401,123.83,0.726,2000
0.016,0.785,240293,0.791,1,1.20E-05,7,0.124,-5.553,1,38,0.12,77.001,0.937,2000
0.886,0.51,90427,0.448,0,0.379,7,0.203,-12.42,1,41,0.0305,115.807,0.286,2000
0.00555,0.357,209373,0.599,0,0.814,1,0.111,-8.304,0,43,0.033,167.823,0.138,2000
0.0814,0.616,253040,0.535,0,0.0924,11,0.121,-8.789,1,38,0.0379,64.979,0.391,2000
0.775,0.56,247800,0.488,0,0,4,0.118,-6.287,1,43,0.0309,118.21,0.153,2000
0.556,0.607,238573,0.753,1,0,10,0.623,-7.344,0,44,0.315,88.981,0.703,2000
0.805,0.589,269893,0.287,0,5.82E-06,0,0.0925,-9.508,1,42,0.0316,116.351,0.161,2000
0.819,0.88,145547,0.379,0,0,7,0.0869,-11.647,1,41,0.0493,135.28,0.682,2000
0.0367,0.543,197867,0.958,0,7.05E-06,6,0.27,-3.736,1,40,0.0431,134.087,0.69,2000
0.0238,0.831,296427,0.571,1,0,11,0.688,-5.648,1,44,0.303,90.367,0.438,2000
0.00472,0.137,231267,0.931,0,0.666,0,0.107,-6.64,1,42,0.15,167.516,0.172,2000
0.00411,0.919,232200,0.785,1,0,1,0.112,-4.141,1,39,0.0806,109.045,0.801,2000
0.0862,0.478,230707,0.911,1,0,1,0.296,-4.617,1,40,0.432,179.979,0.587,2000
0.931,0.123,351880,0.136,0,0.00355,10,0.13,-13.977,0,52,0.0412,72.363,0.037,2000
0.328,0.798,219960,0.538,0,0.00206,7,0.182,-11.412,1,49,0.0363,81.018,0.677,2000
0.328,0.727,200574,0.664,0,2.50E-06,9,0.0434,-6.611,0,40,0.181,115.171,0.785,2000
0.0494,0.492,210333,0.973,0,0.0778,4,0.335,-4.618,1,39,0.0424,113.415,0.865,2000
0.16,0.846,225267,0.5,0,0,5,0.0929,-10.14,1,44,0.0289,99.994,0.771,2000
0.881,0.469,297173,0.161,0,0.00322,9,0.133,-17.632,1,40,0.0319,134.927,0.184,2000
0.165,0.497,207467,0.787,0,0.522,9,0.17,-11.039,1,40,0.0734,134.598,0.812,2000
0.0232,0.893,261427,0.438,0,0,9,0.605,-10.517,1,38,0.134,104.451,0.423,2000
0.65,0.568,319373,0.316,0,0.0978,2,0.0831,-14.904,1,39,0.0328,133.989,0.249,2000
0.17,0.766,507607,0.888,0,0.0416,5,0.277,-7.732,0,55,0.0362,122.015,0.732,2000
0.135,0.71,307533,0.901,0,0.0022,2,0.218,-7.317,0,46,0.0342,126.602,0.913,2000
0.0113,0.745,328733,0.956,0,0.0699,11,0.356,-4.503,0,41,0.0627,112.074,0.502,2000
0.00892,0.565,271133,0.753,0,0.718,7,0.145,-6.294,1,40,0.0346,114.006,0.824,2000
0.0135,0.708,213240,0.692,0,3.92E-05,1,0.0742,-4.286,0,45,0.0341,92.631,0.42,2000
0.74,0.327,386440,0.385,0,1.49E-05,5,0.142,-10.162,1,41,0.0434,68.556,0.354,2000
0.494,0.369,241000,0.739,0,0.0639,11,0.559,-4.607,0,41,0.0395,79.008,0.416,2000
0.844,0.324,171533,0.191,0,0,8,0.388,-13.865,1,39,0.0349,83.577,0.381,2000
0.94,0.0608,1873000,0.0157,0,0.936,5,0.0892,-31.917,1,45,0.0469,67.88,0.0361,2000
0.17,0.905,190240,0.882,0,7.82E-05,8,0.0958,-3.498,1,55,0.0489,118.95,0.962,2000
0.727,0.387,212147,0.44,0,0,5,0.138,-10.937,1,43,0.0872,96.062,0.582,2000
0.83,0.556,154573,0.227,0,0.00504,9,0.114,-17.461,0,44,0.0396,84.388,0.0348,2000
2.45E-05,0.301,319173,0.988,1,0.231,1,0.191,-2.898,1,44,0.173,127.803,0.166,2000
0.555,0.699,136760,0.434,0,3.48E-06,7,0.248,-9.4,1,41,0.0325,104.956,0.977,2000
0.304,0.52,223467,0.613,0,0,6,0.0778,-5.948,1,43,0.0246,95.496,0.589,2000
6.58E-05,0.59,226667,0.685,0,3.08E-05,0,0.165,-5.216,1,50,0.0282,112.411,0.425,2000
0.332,0.714,209760,0.552,0,0,5,0.0702,-8.751,1,42,0.0359,131.984,0.983,2000
0.00256,0.463,227973,0.91,0,0.0592,7,0.088,-5.278,1,43,0.0398,144.906,0.682,2000
0.132,0.841,192187,0.819,0,3.72E-05,0,0.0406,-4.269,1,39,0.0368,98.831,0.942,2000
0.00257,0.469,224320,0.926,0,0.00402,9,0.33,-4.492,1,58,0.0461,154.349,0.56,2000
0.406,0.603,280493,0.292,0,0,10,0.136,-7.622,1,50,0.0282,127.905,0.231,2000
0.00143,0.587,197400,0.759,0,0,5,0.0637,-5.571,1,40,0.0346,128.4,0.866,2000
0.823,0.455,261850,0.796,0,0.528,5,0.102,-7.29,0,42,0.0444,86.999,0.258,2000
0.426,0.346,157733,0.175,0,0.000263,10,0.154,-17.192,1,43,0.0427,168.045,0.357,2000
0.22,0.503,199800,0.62,0,2.29E-06,0,0.0778,-7.265,0,38,0.0364,156.243,0.736,2000
0.0518,0.639,124360,0.844,0,0.0899,6,0.113,-8.721,1,41,0.0568,167.865,0.874,2000
0.00239,0.429,266773,0.661,0,0.00013,11,0.234,-7.227,1,51,0.0281,173.365,0.285,2000
0.0153,0.565,259693,0.922,1,0,1,0.267,-5.561,0,42,0.368,193.91,0.432,2000
0.701,0.587,144467,0.403,0,1.62E-05,0,0.256,-7.141,1,42,0.0268,108.642,0.613,2000
0.0256,0.723,261000,0.733,0,0.261,10,0.336,-6.638,0,40,0.0282,104.004,0.711,2000
0.932,0.592,185160,0.0965,0,0.000557,9,0.107,-16.739,0,47,0.031,100.421,0.268,2000
0.798,0.679,319800,0.788,0,0.802,5,0.136,-7.156,1,42,0.0298,109.532,0.729,2000
0.0284,0.668,217493,0.647,0,0.000349,6,0.134,-4.946,1,43,0.0813,121.624,0.747,2000
0.0177,0.826,241400,0.655,1,0,0,0.0826,-6.28,1,43,0.289,166.036,0.767,2001
0.0291,0.573,282827,0.851,1,0,6,0.0937,-4.829,0,44,0.336,185.778,0.715,2001
0.0473,0.604,222800,0.66,0,0.00397,7,0.375,-8.368,1,46,0.0366,185.028,0.764,2001
0.0877,0.432,280947,0.563,0,0.000355,2,0.294,-8.807,1,58,0.0309,136.172,0.397,2001
0.178,0.372,326533,0.375,0,0,1,0.0742,-9.453,0,44,0.0507,109.45,0.204,2001
0.363,0.688,137480,0.899,0,9.09E-06,5,0.103,-5.285,1,40,0.0383,119.46,0.965,2001
0.105,0.75,389867,0.889,1,3.71E-06,10,0.368,-5.387,0,43,0.274,100.244,0.69,2001
0.327,0.427,231373,0.569,0,0.0162,2,0.11,-10.088,0,45,0.0285,186.608,0.774,2001
0.00681,0.731,391000,0.427,0,0.00567,5,0.161,-10.466,0,52,0.0589,82.208,0.507,2001
0.0101,0.463,157053,0.853,0,0,11,0.107,-6.24,0,41,0.0707,169.574,0.69,2001
0.00774,0.664,290733,0.533,1,0,0,0.21,-5.958,1,41,0.0774,79.975,0.376,2001
0.0157,0.591,216360,0.617,0,4.35E-05,0,0.146,-7.495,1,45,0.0259,109.956,0.48,2001
0.0838,0.866,221093,0.534,0,0,5,0.0848,-10.407,1,43,0.321,98.852,0.619,2001
0.538,0.585,201533,0.702,0,0,0,0.216,-5.734,1,61,0.0325,139.909,0.51,2001
0.00197,0.507,119067,0.988,0,0.00297,2,0.272,-2.603,1,47,0.069,158.25,0.927,2001
0.958,0.181,195120,0.27,0,0.0203,9,0.352,-13.616,1,44,0.0353,92.843,0.114,2001
0.328,0.236,161173,0.971,0,0.00119,6,0.914,-12.596,1,46,0.104,109.04,0.0227,2001
0.805,0.513,224933,0.352,0,0,2,0.0802,-15.829,1,44,0.15,124.834,0.608,2001
0.127,0.625,272947,0.716,0,0.478,8,0.0842,-11.376,0,41,0.0592,95.739,0.838,2001
0.83,0.12,198560,0.074,0,0.00042,1,0.244,-13.732,0,42,0.0382,86.373,0.0762,2001
0.189,0.691,240467,0.61,0,2.38E-05,0,0.0885,-7.023,1,42,0.0275,113.127,0.363,2001
0.158,0.759,218507,0.502,0,0.00103,9,0.216,-10.253,1,47,0.108,106.063,0.847,2001
0.843,0.587,240907,0.389,0,0,0,0.246,-7.548,1,49,0.0544,128.094,0.769,2001
0.193,0.366,260855,0.826,0,0,9,0.0738,-5.139,1,55,0.0923,93.128,0.369,2001
0.399,0.561,337760,0.774,1,1.84E-06,1,0.189,-3.144,0,41,0.447,77.621,0.82,2001
0.484,0.504,362400,0.384,0,4.20E-05,0,0.33,-9.472,1,45,0.0346,122.306,0.209,2001
0.213,0.785,244240,0.575,0,0.000144,9,0.101,-8.105,1,42,0.0341,123.026,0.558,2001
0.905,0.339,190173,0.217,0,0.0183,10,0.143,-15.066,1,47,0.0313,83.553,0.357,2001
0.587,0.775,270773,0.51,0,0.797,2,0.102,-8.81,0,43,0.0329,110.216,0.415,2001
0.0164,0.73,238027,0.613,0,1.73E-05,5,0.1,-8.241,0,42,0.258,165.959,0.954,2001
0.484,0.513,314867,0.46,0,5.04E-06,1,0.0816,-8.201,0,41,0.0298,131.984,0.139,2001
0.192,0.584,203600,0.888,0,4.23E-05,11,0.0931,-9.411,0,49,0.0349,93.211,0.672,2001
0.00429,0.692,290693,0.863,0,0.00163,9,0.284,-6.809,1,42,0.105,108.298,0.814,2001
0.0453,0.841,278467,0.552,0,0.00154,7,0.0533,-10.345,1,42,0.0498,99.018,0.596,2001
0.608,0.585,180960,0.213,0,8.89E-06,11,0.106,-13.667,1,43,0.0442,142.627,0.321,2001
0.114,0.609,168053,0.818,0,0.316,5,0.0999,-4.62,1,46,0.0425,78.955,0.922,2001
0.53,0.795,192747,0.543,0,0,7,0.091,-9.163,1,46,0.124,99.366,0.857,2001
0.616,0.289,416893,0.262,0,0.0012,0,0.933,-11.907,1,45,0.0304,136.47,0.154,2001
0.851,0.703,161173,0.609,0,0.000515,3,0.525,-13.788,1,43,0.275,130.957,0.846,2001
0.0892,0.728,298667,0.794,0,0,9,0.0852,-4.109,1,42,0.0525,91.981,0.494,2001
0.807,0.269,508533,0.299,0,0.854,1,0.105,-17.984,1,48,0.0413,138.999,0.102,2001
0.143,0.75,229093,0.492,0,0,1,0.057,-7.535,1,49,0.0527,80.926,0.917,2001
0.109,0.725,272373,0.755,1,1.63E-05,9,0.213,-7.25,1,40,0.0636,147.987,0.538,2001
0.372,0.68,244507,0.59,0,2.65E-05,9,0.125,-7.601,0,45,0.0313,104.008,0.423,2001
0.971,0.153,226333,0.00905,0,0.607,0,0.107,-30.099,1,48,0.0372,164.191,0.073,2001
0.0961,0.321,308600,0.462,0,0,8,0.102,-10.711,1,51,0.0346,116.782,0.457,2001
0.0626,0.666,289640,0.736,1,0.00114,6,0.155,-7.432,1,40,0.0993,180.019,0.565,2001
0.392,0.72,309800,0.841,0,0,2,0.0972,-3.954,1,48,0.039,90.003,0.62,2001
0.0213,0.873,309267,0.373,0,2.43E-05,0,0.0497,-12.685,0,44,0.0464,110.67,0.972,2001
0.106,0.589,233400,0.733,0,0.00328,5,0.111,-8.809,0,50,0.0399,182.364,0.913,2001
0.179,0.769,234253,0.68,0,2.71E-05,8,0.122,-8.266,1,50,0.0339,126.815,0.727,2001
0.000562,0.451,254000,0.993,1,0.00479,1,0.152,-4.143,1,41,0.185,100.827,0.14,2001
0.428,0.709,211467,0.747,0,0.000159,11,0.201,-6.557,0,41,0.0288,130.441,0.824,2001
0.0406,0.794,453533,0.688,0,0.000187,7,0.271,-7.282,1,40,0.0447,102.088,0.567,2001
0.769,0.479,204387,0.329,0,0.199,10,0.102,-12.219,1,40,0.0258,102.704,0.549,2001
0.0167,0.644,238853,0.904,0,4.75E-06,9,0.341,-3.518,1,43,0.044,95.995,0.416,2001
0.136,0.629,220667,0.856,1,0,0,0.0822,-2.977,0,44,0.289,167.04,0.699,2001
0.731,0.168,276693,0.397,0,0.0378,7,0.116,-7.619,0,50,0.0323,84.393,0.0497,2001
0.384,0.797,234773,0.847,1,0.000388,6,0.0566,-1.79,0,48,0.237,100.178,0.962,2001
0.619,0.621,366360,0.723,0,0,10,0.916,-4.944,0,43,0.0393,91.204,0.782,2001
0.00151,0.58,222707,0.925,0,0.0013,4,0.124,-3.904,1,43,0.0482,100.155,0.526,2001
0.876,0.377,275560,0.0475,0,0.545,2,0.311,-23.78,1,48,0.04,104.002,0.114,2001
0.0132,0.757,272507,0.369,0,0,9,0.0935,-10.96,1,42,0.591,73.693,0.858,2001
0.649,0.558,174333,0.529,0,0.000294,0,0.182,-4.496,1,41,0.0396,80.205,0.367,2001
0.0453,0.764,231493,0.851,1,0,4,0.0899,-5.182,1,45,0.239,79.01,0.884,2001
0.462,0.571,227950,0.628,0,0,2,0.26,-4.578,1,48,0.0286,80.073,0.845,2001
0.0535,0.441,227027,0.834,0,0,11,0.165,-6.895,1,40,0.0596,158.487,0.527,2001
0.00236,0.371,268707,0.696,0,3.12E-06,7,0.0857,-5.516,0,55,0.0294,75.723,0.209,2001
0.713,0.433,135907,0.564,0,0.275,9,0.117,-8.917,0,40,0.0405,192.073,0.855,2001
0.373,0.609,324440,0.678,0,0.00179,4,0.114,-10.26,0,40,0.0661,77.651,0.741,2001
0.0979,0.523,237187,0.833,0,0.00178,7,0.129,-6.146,1,43,0.0405,119.756,0.883,2001
0.024,0.865,219560,0.384,0,0.434,10,0.0682,-11.953,1,48,0.0577,122.48,0.852,2001
0.805,0.559,289280,0.23,0,0.876,7,0.0776,-20.178,0,47,0.0309,151.987,0.461,2001
0.0793,0.827,216667,0.518,0,0.331,7,0.101,-10.018,0,40,0.046,122.477,0.909,2001
0.477,0.323,400800,0.34,0,6.67E-05,9,0.622,-11.013,1,47,0.0308,135.842,0.0983,2001
0.897,0.306,167400,0.0162,0,0.635,7,0.107,-26.756,1,48,0.0307,90.331,0.038,2001
0.064,0.875,257133,0.771,0,0,6,0.0393,-4.052,1,40,0.321,106.022,0.642,2001
0.123,0.939,240973,0.462,1,0.00251,8,0.111,-5.635,1,40,0.0507,102.173,0.374,2001
0.0732,0.761,319760,0.426,1,0,8,0.133,-8.124,0,45,0.356,92.448,0.569,2001
0.224,0.487,229333,0.774,0,0,11,0.145,-5.096,1,52,0.0487,80.928,0.415,2001
0.0513,0.613,241533,0.877,0,0.283,7,0.346,-6.213,0,41,0.0617,131.205,0.232,2001
0.018,0.508,205067,0.826,0,0,1,0.28,-4.088,0,64,0.0405,120.854,0.404,2001
0.922,0.522,293693,0.12,0,0,2,0.11,-11.9,1,41,0.036,154.357,0.237,2001
0.0236,0.913,268293,0.644,0,0,1,0.0753,-7.332,1,42,0.308,97.745,0.543,2001
0.277,0.672,292787,0.5,0,0,8,0.0954,-9.866,1,57,0.0322,95.758,0.201,2001
0.531,0.503,274480,0.59,0,0.000383,4,0.168,-5.086,1,45,0.0316,174.952,0.624,2001
0.0285,0.822,233627,0.672,0,0,7,0.213,-6.133,1,61,0.0329,117.033,0.91,2001
0.00257,0.515,230000,0.963,1,0.0227,10,0.14,-2.931,0,40,0.17,108.336,0.377,2001
0.246,0.606,266600,0.913,0,0.00696,8,0.34,-6.039,0,65,0.0351,123.58,0.838,2001
0.00746,0.792,263200,0.454,0,1.60E-05,5,0.256,-6.098,1,41,0.0607,108.415,0.0599,2001
0.99,0.282,277133,0.152,0,0.905,2,0.0676,-20.094,1,49,0.0349,84.109,0.051,2001
0.361,0.705,259067,0.418,0,6.86E-06,0,0.0919,-8.963,1,51,0.0298,132.023,0.153,2001
0.0611,0.685,237333,0.957,0,0.00025,11,0.317,-8.214,1,46,0.0445,127.27,0.809,2001
0.434,0.63,328760,0.855,0,0.000607,10,0.109,-5.544,0,58,0.0345,90.638,0.57,2001
0.0245,0.9,206960,0.693,0,0.00278,11,0.04,-3.989,0,49,0.0751,107.021,0.864,2001
0.131,0.347,271667,0.67,0,0,0,0.271,-6.422,1,48,0.0479,140.588,0.189,2001
0.0894,0.785,261333,0.516,0,0.000419,5,0.0682,-15.009,1,43,0.085,92.569,0.681,2001
0.0264,0.823,210400,0.7,0,0,0,0.0531,-5.042,0,47,0.035,108.019,0.75,2001
0.0777,0.782,146400,0.668,0,0,0,0.297,-6.156,1,60,0.0387,123.981,0.766,2001
0.713,0.639,445533,0.496,0,0.254,1,0.0545,-6.844,0,41,0.0375,140.394,0.467,2001
0.414,0.803,198027,0.827,0,0,7,0.116,-5.983,1,43,0.085,116.338,0.88,2002
0.000181,0.418,219627,0.925,0,0,5,0.107,-5.293,0,45,0.0696,174.756,0.569,2002
0.00362,0.531,179067,0.95,0,0,5,0.378,-3.926,1,46,0.0486,96.925,0.525,2002
0.000306,0.537,249667,0.887,0,0.0508,11,0.0621,-6.697,0,41,0.0575,93.924,0.281,2002
0.053,0.655,236733,0.837,0,0.0137,5,0.104,-7.984,1,46,0.0264,141.68,0.928,2002
0.964,0.106,225667,0.181,0,0.853,2,0.407,-17.969,1,48,0.0342,61.02,0.0593,2002
0.886,0.489,369173,0.365,0,8.06E-06,1,0.73,-14.716,0,44,0.101,80.018,0.649,2002
0.000249,0.269,299533,0.853,0,0.000246,7,0.118,-4.647,0,41,0.0854,141.581,0.179,2002
0.0203,0.74,232440,0.849,0,4.02E-06,10,0.346,-3.205,1,50,0.026,118.977,0.949,2002
0.647,0.679,204147,0.484,1,0,3,0.0795,-8.687,1,45,0.0473,97.264,0.776,2002
0.0186,0.571,229960,0.622,0,3.53E-06,2,0.119,-4.447,1,59,0.0245,142.05,0.231,2002
0.000401,0.278,132547,0.936,0,0,7,0.335,-5.986,1,45,0.107,119.088,0.34,2002
0.244,0.646,193453,0.478,0,7.33E-05,6,0.127,-7.516,1,56,0.0561,92.133,0.341,2002
0.114,0.489,156160,0.426,0,0.0504,9,0.117,-9.762,1,46,0.0393,81.354,0.521,2002
5.46E-05,0.175,253333,0.91,1,0.00028,2,0.105,-5.172,1,41,0.0893,78.59,0.427,2002
0.0162,0.682,363677,0.687,0,2.22E-05,9,0.714,-7.591,1,51,0.0451,120.022,0.48,2002
0.00856,0.565,311693,0.776,0,0.000136,4,0.111,-4.161,0,49,0.0282,104.346,0.326,2002
0.794,0.144,229440,0.074,0,0.722,4,0.105,-21.754,0,49,0.0363,139.327,0.0346,2002
0.2,0.872,151333,0.682,0,6.16E-05,7,0.0311,-11.268,1,48,0.152,108.075,0.961,2002
0.0313,0.626,198200,0.8,0,0,9,0.0587,-5.085,0,46,0.0611,145.839,0.737,2002
0.584,0.225,510187,0.306,0,0.859,2,0.106,-16.153,0,45,0.0398,92.732,0.0537,2002
0.71,0.67,206117,0.397,0,0,8,0.11,-10.87,1,55,0.0417,123.969,0.214,2002
0.239,0.84,243667,0.699,0,8.41E-06,6,0.127,-6.077,0,48,0.0625,111.053,0.968,2002
0.00659,0.601,141427,0.913,0,0.0125,1,0.0713,-4.681,0,49,0.134,115.348,0.91,2002
0.00108,0.356,180027,0.914,0,0,6,0.139,-5.698,1,44,0.0689,136.104,0.149,2002
0.038,0.548,249427,0.8,0,0.00255,9,0.0678,-6.926,1,58,0.0597,159.654,0.805,2002
0.0549,0.749,239440,0.531,0,0,7,0.237,-6.636,1,47,0.0324,97.022,0.317,2002
0.092,0.713,270747,0.517,1,5.90E-06,7,0.134,-5.403,1,42,0.237,80.986,0.267,2002
0.0475,0.647,250172,0.885,0,2.16E-05,1,0.0825,-5.052,0,41,0.0529,102.348,0.928,2002
0.0191,0.294,158440,0.972,0,0.058,11,0.597,-5.108,1,45,0.0947,176.924,0.373,2002
0.0602,0.789,217365,0.753,0,0,5,0.164,-7.866,0,52,0.0554,136.024,0.923,2002
0.16,0.884,133760,0.413,0,2.52E-06,1,0.0592,-15.391,1,49,0.179,105.391,0.965,2002
0.46,0.845,241059,0.374,0,0,5,0.0833,-13.413,1,41,0.0653,115.036,0.961,2002
1.33E-05,0.406,46333,0.96,0,0.87,0,0.182,-3.612,1,48,0.115,188.74,0.727,2002
0.725,0.605,213587,0.39,0,0.00202,9,0.109,-10.673,1,47,0.028,95.957,0.229,2002
0.0364,0.784,312027,0.697,1,0,1,0.827,-5.302,1,42,0.36,80.029,0.375,2002
0.988,0.116,255960,0.0011,0,0.227,2,0.0991,-39.982,1,47,0.0544,70.332,0.0387,2002
0.00696,0.58,252307,0.982,0,4.82E-06,4,0.165,-3.428,0,40,0.0729,98.189,0.51,2002
0.431,0.721,167667,0.613,0,0.000565,9,0.205,-9.26,1,46,0.0302,98.477,0.812,2002
0.509,0.596,211853,0.421,0,0,9,0.132,-8.74,0,43,0.031,86.925,0.466,2002
0.54,0.663,257541,0.599,0,0.0444,4,0.0914,-6.808,0,54,0.0258,123.988,0.239,2002
0.159,0.93,244133,0.635,0,8.85E-06,1,0.063,-6.045,1,44,0.0369,120.088,0.814,2002
0.074,0.863,185640,0.68,0,2.79E-05,8,0.0847,-8.419,1,47,0.107,113.138,0.966,2002
0.0984,0.626,244827,0.68,0,0.00116,0,0.329,-6.834,1,47,0.0231,97.216,0.456,2002
0.235,0.544,271800,0.443,0,0.000225,7,0.0394,-8.995,1,42,0.0341,168.526,0.296,2002
0.46,0.616,220855,0.724,0,8.85E-06,9,0.388,-6.248,1,44,0.0284,123.996,0.713,2002
0.0398,0.741,222040,0.575,0,0.127,10,0.0853,-5.416,0,47,0.0555,93.992,0.345,2002
0.000551,0.27,236867,0.734,0,0,2,0.0767,-5.795,0,44,0.0436,160.863,0.208,2002
0.000156,0.605,261680,0.998,1,0.784,1,0.217,-3.818,0,44,0.0843,106.815,0.0618,2002
0.00109,0.501,467627,0.859,0,0.0837,1,0.0646,-5.799,0,50,0.0464,89.03,0.223,2002
0.000382,0.411,169760,0.837,0,0,1,0.434,-5.41,1,41,0.0429,100.032,0.289,2002
2.23E-05,0.265,193533,0.957,1,0.0291,11,0.105,-3.415,1,47,0.0995,151.61,0.396,2002
0.073,0.7,217427,0.967,0,0,8,0.333,-3.462,0,60,0.0463,136.045,0.962,2002
0.0376,0.556,277973,0.774,0,0.00315,3,0.0538,-6.342,0,40,0.0419,103.188,0.614,2002
0.171,0.656,255747,0.792,0,0.0016,2,0.0357,-6.65,1,42,0.039,119.791,0.885,2002
0.658,0.503,254052,0.242,0,2.07E-06,0,0.36,-8.743,1,44,0.028,75.943,0.333,2002
0.759,0.657,226893,0.624,0,0,10,0.966,-7.789,1,44,0.112,101.898,0.89,2002
0.0973,0.343,372000,0.965,0,0.0584,7,0.967,-5.318,1,43,0.151,164.885,0.544,2002
0.525,0.627,178680,0.367,0,0,10,0.299,-9.498,0,52,0.0451,104.391,0.593,2002
0.00232,0.764,332853,0.521,0,0.000411,7,0.0751,-11.174,1,50,0.0937,174.009,0.512,2002
0.842,0.52,231467,0.459,0,0,11,0.0852,-7.017,1,51,0.0295,170.154,0.187,2002
0.705,0.348,219307,0.222,0,0,8,0.122,-12.379,1,45,0.0569,84.001,0.5,2002
0.00935,0.422,143360,0.878,0,0.332,5,0.201,-4.863,1,54,0.0442,84.044,0.496,2002
0.11,0.785,270093,0.845,0,5.78E-05,9,0.0426,-5.559,0,43,0.0597,149.707,0.877,2002
0.564,0.757,243000,0.572,0,2.00E-06,8,0.233,-6.563,1,44,0.0302,134.002,0.937,2002
0.802,0.542,284267,0.401,0,5.90E-05,0,0.442,-14.911,1,42,0.313,112.825,0.325,2002
0.284,0.691,209853,0.472,0,1.78E-05,9,0.101,-10.168,0,46,0.196,95.83,0.291,2002
0.0367,0.741,248240,0.437,0,0.00184,3,0.0496,-8.19,0,40,0.0314,129.896,0.533,2002
0.963,0.438,305107,0.0356,0,2.45E-06,1,0.115,-21.149,1,44,0.0335,70.994,0.392,2002
0.661,0.45,207160,0.214,0,0.0581,3,0.111,-13.269,1,43,0.0293,142.526,0.162,2002
0.38,0.614,259800,0.636,0,0.00459,7,0.1,-5.634,1,49,0.0287,117.966,0.308,2002
0.114,0.623,307733,0.969,0,3.90E-06,0,0.764,-5.517,1,45,0.188,122.035,0.264,2002
0.536,0.586,281960,0.761,0,0.000155,2,0.104,-9.438,1,52,0.0321,167.972,0.828,2002
0.000273,0.501,334933,0.785,0,0.0128,7,0.36,-6.205,1,45,0.0329,94.109,0.21,2002
0.18,0.778,318133,0.863,1,0.0326,8,0.11,-6.948,1,43,0.0512,118.758,0.665,2002
0.179,0.607,183640,0.357,0,0,9,0.0571,-7.283,1,51,0.0317,107.362,0.736,2002
0.0765,0.545,206600,0.943,0,0.0106,0,0.0442,-5.4,1,61,0.0875,190.053,0.694,2002
0.0332,0.589,271467,0.848,0,0.0648,5,0.0486,-6.954,1,43,0.0516,87.553,0.854,2002
0.624,0.658,227840,0.51,0,0,10,0.162,-7.516,1,58,0.0241,99.964,0.362,2002
0.0441,0.647,163074,0.984,0,0.12,5,0.247,-6.435,0,49,0.0586,172.655,0.644,2002
0.707,0.577,235520,0.473,0,0,10,0.501,-5.107,1,49,0.0685,131.601,0.928,2002
0.299,0.621,215093,0.879,0,3.29E-06,5,0.158,-5.081,0,54,0.0378,95.991,0.965,2002
0.54,0.65,310733,0.428,0,0,2,0.771,-10.998,0,44,0.699,74.3,0.626,2002
0.442,0.666,275627,0.769,0,0,7,0.22,-3.786,1,54,0.0418,152.248,0.946,2002
0.746,0.0829,245533,0.301,0,0.851,7,0.112,-14.301,1,50,0.0418,171.288,0.0752,2002
0.0767,0.662,259493,0.934,1,0,4,0.332,-4.545,0,48,0.141,92.08,0.61,2002
0.00132,0.353,303400,0.705,0,1.34E-06,0,0.115,-4.776,1,45,0.0362,81.527,0.447,2002
0.019,0.342,236267,0.873,0,2.20E-05,5,0.164,-3.152,0,42,0.0414,168.74,0.85,2002
0.319,0.492,328800,0.818,0,0.00361,9,0.199,-6.083,1,40,0.0322,156.613,0.742,2002
0.125,0.602,281400,0.782,1,0,6,0.189,-6.47,0,46,0.249,79.862,0.654,2002
0.17,0.658,154720,0.623,0,0,5,0.112,-6.811,1,42,0.0323,78.312,0.843,2002
0.918,0.492,192573,0.266,0,0,9,0.145,-11.946,1,46,0.0339,125.892,0.344,2002
0.324,0.74,230267,0.589,0,0.00785,10,0.108,-5.33,0,48,0.0368,91.997,0.893,2002
0.535,0.593,230933,0.562,0,0,6,0.13,-7.393,1,45,0.0274,74.031,0.314,2002
0.00103,0.42,189547,0.895,0,0.000207,3,0.356,-4.155,1,43,0.0614,108.832,0.577,2002
0.181,0.641,260747,0.902,0,0,1,0.654,-7.068,1,40,0.18,133.273,0.524,2002
0.00533,0.269,239013,0.734,0,0,4,0.0564,-5.482,0,41,0.041,150.163,0.316,2002
0.0314,0.264,215427,0.783,0,0,0,0.469,-6.035,1,41,0.0455,91.81,0.32,2002
0.138,0.885,182200,0.456,0,0.000222,10,0.0447,-15.077,1,49,0.0945,112.159,0.965,2002
0.0193,0.523,227133,0.932,1,1.56E-05,5,0.1,-4.995,1,44,0.287,113.721,0.626,2002
0.125,0.528,228438,0.871,0,0,9,0.23,-8.01,1,42,0.122,181.903,0.675,2003
0.125,0.711,260200,0.454,0,2.15E-06,0,0.071,-6.485,0,43,0.0904,74.928,0.782,2003
0.331,0.333,292373,0.603,0,0.0268,0,0.982,-8.339,1,47,0.176,207.8,0.525,2003
0.123,0.79,238120,0.526,0,0,11,0.0835,-6.978,1,50,0.028,94.872,0.748,2003
0.118,0.526,149420,0.682,0,5.85E-05,11,0.517,-6.392,1,43,0.0363,140.395,0.894,2003
0.71,0.352,211573,0.546,0,0,11,0.105,-6.768,1,42,0.0384,114.814,0.274,2003
0.479,0.41,856653,0.399,0,0.84,0,0.0888,-13.125,1,42,0.0335,92.567,0.277,2003
0.0258,0.183,380467,0.956,0,0.00323,6,0.612,-2.514,0,46,0.165,158.028,0.275,2003
0.486,0.62,219000,0.674,0,0,5,0.437,-6.474,1,41,0.0632,80.062,0.726,2003
0.0495,0.573,212277,0.662,0,0.000136,0,0.0724,-7.148,1,50,0.337,199.208,0.805,2003
0.135,0.527,232240,0.938,0,1.69E-06,4,0.161,-5.366,1,41,0.112,147.079,0.68,2003
0.723,0.39,468133,0.0432,0,0.000303,6,0.108,-24.344,1,53,0.0506,147.436,0.326,2003
0.219,0.825,179093,0.936,0,0,6,0.0572,-4.148,1,52,0.0435,95.033,0.78,2003
0.287,0.349,158600,0.576,0,0,10,0.656,-8.383,1,42,0.115,167.621,0.644,2003
0.87,0.339,160253,0.235,0,0.928,7,0.104,-16.917,1,50,0.0343,139.118,0.157,2003
0.0168,0.748,294947,0.629,0,0,0,0.0991,-8.42,1,44,0.066,182.448,0.919,2003
0.00209,0.709,223760,0.565,0,0.0125,5,0.0901,-6.395,0,52,0.0471,112.203,0.571,2003
0.473,0.175,250040,0.399,0,0.959,4,0.0799,-14.865,0,51,0.0501,120.942,0.069,2003
3.01E-06,0.388,158360,0.961,0,0.00131,4,0.215,-2.895,0,45,0.0753,104.91,0.149,2003
0.259,0.711,216280,0.554,0,3.39E-05,7,0.0832,-5.109,1,48,0.0347,114.967,0.746,2003
7.76E-05,0.368,225933,0.949,0,0.00429,2,0.0341,-6.178,1,53,0.141,160.27,0.347,2003
0.272,0.446,212627,0.489,0,0,11,0.16,-10.26,0,47,0.033,137.829,0.396,2003
0.126,0.668,241160,0.776,0,2.52E-05,1,0.342,-8.257,1,60,0.0322,132.971,0.818,2003
0.321,0.608,250400,0.483,0,6.44E-05,7,0.556,-11.395,1,42,0.0328,126.648,0.717,2003
0.048,0.636,204240,0.906,1,0,8,0.108,-5.059,1,53,0.0346,146.404,0.973,2003
0.00589,0.549,348400,0.728,0,0,10,0.0884,-5.682,1,42,0.0401,115.029,0.253,2003
0.43,0.764,252840,0.622,1,0,11,0.144,-6.355,0,42,0.249,161.486,0.671,2003
0.0556,0.806,255667,0.847,1,0,11,0.0617,-1.788,1,42,0.317,91.449,0.832,2003
0.143,0.908,193000,0.738,1,0,1,0.0829,-4.933,1,51,0.271,95.954,0.79,2003
0.00213,0.617,190427,0.79,0,0.0455,3,0.159,-6.983,0,56,0.0365,138.004,0.267,2003
3.88E-06,0.479,224960,0.944,0,0.869,11,0.295,-4.164,1,45,0.105,144.573,0.432,2003
0.0242,0.368,281573,0.909,1,0,1,0.337,-2.695,1,43,0.235,166.645,0.627,2003
0.189,0.863,222627,0.747,1,0,2,0.0251,-4.594,1,46,0.247,92.105,0.933,2003
0.000184,0.245,259133,0.96,0,0.00268,7,0.0718,-4.719,1,46,0.175,184.042,0.372,2003
0.00198,0.584,198027,0.732,1,0,1,0.116,-5.276,0,42,0.236,155.033,0.361,2003
0.797,0.446,305173,0.622,0,3.99E-06,0,0.11,-5.791,1,49,0.0383,129.439,0.28,2003
0.656,0.854,76187,0.242,0,0,0,0.318,-17.228,1,45,0.0645,114.95,0.504,2003
0.00907,0.653,266347,0.818,0,0.23,5,0.0703,-8.125,1,43,0.047,174.984,0.198,2003
0.0196,0.362,173133,0.949,0,0,0,0.0854,-3.099,1,47,0.0596,114.079,0.48,2003
0.841,0.537,215333,0.385,0,0,3,0.0948,-6.216,1,55,0.0391,169.98,0.554,2003
0.00223,0.619,176027,0.865,0,0.00451,7,0.141,-5.385,0,53,0.0339,137.987,0.701,2003
0.00153,0.488,187933,0.995,0,0,1,0.911,-3.096,0,52,0.108,90.058,0.679,2003
0.43,0.572,146518,0.468,0,1.95E-05,2,0.863,-9.017,1,44,0.0398,126.165,0.886,2003
0.0709,0.259,246120,0.532,0,0.934,4,0.107,-8.953,0,45,0.038,133.864,0.124,2003
0.00025,0.559,188120,0.985,0,0.0144,10,0.111,-2.678,1,44,0.154,140.055,0.216,2003
0.000705,0.564,189960,0.932,1,0.000376,9,0.0713,-3.6,1,55,0.109,102.953,0.388,2003
0.0747,0.377,221587,0.904,0,0,4,0.334,-3.634,0,54,0.307,200.566,0.595,2003
0.000394,0.157,206000,0.784,0,0.0165,10,0.327,-6.049,1,42,0.0461,168.63,0.307,2003
0.119,0.344,332813,0.776,0,0.12,11,0.112,-6.638,0,43,0.0309,87.325,0.316,2003
0.982,0.435,218107,0.291,0,0.858,3,0.133,-18.262,1,49,0.0427,159.705,0.285,2003
0.0328,0.751,195547,0.804,0,5.01E-05,7,0.077,-5.957,1,41,0.0551,87.982,0.858,2003
0.311,0.891,174840,0.618,0,0.00499,4,0.0936,-8.742,0,46,0.0584,93.041,0.792,2003
0.35,0.386,255027,0.569,0,0,1,0.12,-4.839,1,42,0.0314,111.62,0.347,2003
0.000327,0.473,155320,0.958,0,0.00419,4,0.042,-4.373,1,50,0.149,139.908,0.242,2003
0.208,0.841,170507,0.655,0,3.05E-06,8,0.291,-8.15,1,52,0.239,108.442,0.865,2003
0.0157,0.483,259973,0.559,0,0.491,5,0.0562,-7.434,0,48,0.0403,161.046,0.52,2003
0.232,0.806,193253,0.827,1,0,5,0.314,-2.237,0,42,0.336,125.305,0.815,2003
0.527,0.626,240987,0.791,0,4.04E-05,5,0.0952,-5.735,0,47,0.0262,129.976,0.864,2003
0.0109,0.781,239987,0.898,1,0,1,0.238,-2.247,1,42,0.243,167.833,0.931,2003
0.436,0.706,172400,0.492,0,0,0,0.258,-6.627,1,56,0.0656,83.571,0.586,2003
0.671,0.567,151998,0.388,0,0.000819,2,0.323,-10.46,1,46,0.0506,186.646,0.965,2003
0.129,0.637,197733,0.794,0,0,2,0.0697,-1.683,0,48,0.0269,116.117,0.495,2003
0.387,0.775,168413,0.449,0,0.00352,9,0.076,-9.158,1,41,0.0316,96.062,0.446,2003
0.237,0.452,213253,0.346,0,0,2,0.162,-9.755,1,58,0.0264,163.901,0.349,2003
0.062,0.792,276360,0.797,0,0.00325,0,0.0896,-5.166,0,54,0.0901,123.993,0.491,2003
0.42,0.765,223097,0.719,0,0.000462,9,0.149,-5.383,1,42,0.028,90.618,0.82,2003
0.00082,0.301,315987,0.571,0,0.8,8,0.0851,-10.152,0,62,0.0332,178.084,0.0412,2003
0.286,0.463,187213,0.359,0,0,2,0.171,-10.474,0,54,0.0304,79.64,0.0769,2003
0.00018,0.499,232533,0.815,0,0.721,7,0.299,-7.079,1,49,0.0361,99.124,0.57,2003
0.114,0.662,259067,0.374,0,3.59E-06,9,0.249,-11.19,1,42,0.34,112.694,0.551,2003
0.627,0.583,251867,0.614,0,0,2,0.401,-5.816,0,47,0.0737,140.736,0.482,2003
0.0831,0.622,208200,0.818,0,0,9,0.31,-6.784,1,66,0.0327,138.495,0.849,2003
0.118,0.553,218293,0.894,0,0,9,0.0873,-3.477,0,44,0.15,94.374,0.516,2003
0.48,0.245,523333,0.425,0,0.866,2,0.155,-14.924,0,41,0.0355,108.68,0.0487,2003
0.0128,0.546,225600,0.852,0,0,9,0.128,-5.058,1,42,0.0365,96.907,0.831,2003
0.215,0.557,178360,0.196,0,0.00447,2,0.167,-14.733,1,41,0.0336,110.743,0.134,2003
0.00331,0.582,238507,0.68,0,0.921,10,0.0537,-9.79,0,46,0.0419,91.437,0.761,2003
0.266,0.743,160267,0.658,0,0,10,0.17,-8.479,1,40,0.045,121.718,0.972,2003
0.779,0.639,158933,0.549,0,0,5,0.151,-8.318,0,41,0.0487,127.661,0.525,2003
0.925,0.291,102453,0.259,0,0.129,0,0.12,-17.487,0,43,0.0402,145.111,0.141,2003
0.0292,0.702,158387,0.922,0,0.0186,7,0.168,-4.131,1,42,0.0349,110.389,0.879,2003
0.181,0.738,181440,0.796,0,0.0787,9,0.142,-4.915,1,43,0.0292,134.949,0.928,2003
0.00896,0.613,151773,0.94,0,0,9,0.83,-5.566,1,45,0.198,94.957,0.35,2003
0.142,0.904,262693,0.738,0,3.45E-05,1,0.0664,-6.158,1,47,0.0547,96.902,0.675,2003
0.317,0.594,381040,0.512,0,0.103,6,0.113,-8.872,1,45,0.0236,97.348,0.52,2003
0.000162,0.457,214867,0.958,0,0,2,0.298,-3.516,1,43,0.0918,137.367,0.385,2003
0.517,0.785,173293,0.577,0,5.61E-05,8,0.0739,-6.893,1,51,0.142,97.053,0.961,2003
0.00109,0.435,170293,0.976,0,0.631,6,0.0817,-4.321,1,42,0.0598,136.385,0.619,2003
0.124,0.885,238067,0.304,0,0,9,0.123,-8.324,0,43,0.0599,122.074,0.516,2003
0.265,0.696,177587,0.763,0,0,2,0.0739,-3.037,1,47,0.0331,102.927,0.719,2003
0.551,0.582,332827,0.395,0,0.000118,10,0.258,-8.279,1,45,0.0274,117.179,0.226,2003
0.599,0.678,63013,0.107,0,0,9,0.164,-16.225,1,45,0.0543,92.433,0.904,2003
0.0608,0.623,227320,0.638,0,0,2,0.944,-6.338,1,40,0.0397,109.387,0.494,2003
0.58,0.613,311707,0.423,0,0.00414,0,0.118,-10.794,1,42,0.0286,122.001,0.481,2003
0.000306,0.388,238467,0.943,1,0,8,0.168,-2.927,1,44,0.104,154.721,0.162,2003
0.0196,0.81,203440,0.504,0,0.0464,2,0.295,-9.603,1,41,0.0498,93.008,0.532,2003
0.622,0.595,351160,0.487,0,0,0,0.102,-7.644,1,53,0.0268,142.322,0.516,2003
0.191,0.487,221053,0.519,0,0,3,0.134,-7.249,1,40,0.0296,82.947,0.154,2003
0.0629,0.74,164213,0.959,0,0,9,0.0444,-3.692,1,50,0.193,150.007,0.878,2003
0.26,0.837,250053,0.607,0,3.08E-06,10,0.0837,-6.193,0,47,0.037,116.284,0.931,2003
0.182,0.639,278173,0.658,0,0,7,0.129,-7.568,1,42,0.0618,93.019,0.577,2004
0.304,0.512,281720,0.764,0,0,1,0.274,-5.085,0,46,0.246,165.831,0.698,2004
0.645,0.777,187747,0.428,0,4.77E-05,1,0.0478,-14.023,0,41,0.0355,114.866,0.456,2004
0.803,0.64,53640,0.279,1,0,10,0.375,-12.396,1,46,0.484,82.475,0.741,2004
0.062,0.818,226413,0.787,0,0.000453,6,0.0668,-5.363,0,41,0.097,106.997,0.899,2004
0.484,0.623,299067,0.66,0,0.918,10,0.0631,-9.175,0,48,0.0376,110.221,0.562,2004
0.884,0.315,182453,0.313,0,0,10,0.101,-9.339,1,46,0.0297,78.356,0.259,2004
0.103,0.756,213933,0.555,0,0,9,0.0802,-7.321,1,45,0.0521,127.956,0.579,2004
0.864,0.731,344320,0.3,0,0.809,11,0.104,-14.641,0,47,0.0336,112.178,0.398,2004
0.211,0.714,183293,0.885,0,3.87E-06,7,0.255,-5.922,1,42,0.0411,141.371,0.91,2004
0.103,0.809,202933,0.691,0,0,5,0.284,-6.573,0,50,0.079,95.008,0.758,2004
0.265,0.462,247307,0.809,0,0.128,2,0.638,-7.309,1,49,0.038,99.902,0.458,2004
0.00109,0.436,185893,0.992,0,0.0622,10,0.084,-3.637,1,47,0.0376,99.035,0.631,2004
0.148,0.826,247800,0.508,0,0,2,0.124,-8.713,1,50,0.0798,81.564,0.91,2004
0.0949,0.466,258440,0.576,0,0.00011,1,0.0892,-8.053,1,42,0.0306,141.954,0.255,2004
0.911,0.594,164680,0.118,0,0,4,0.111,-20.388,1,43,0.0316,96.252,0.57,2004
0.949,0.386,567920,0.148,0,0.792,0,0.0665,-18.921,0,48,0.0367,94.88,0.128,2004
0.0927,0.746,212640,0.708,0,0,11,0.234,-4.725,1,43,0.0445,121.471,0.962,2004
0.000172,0.581,192307,0.785,0,0.00348,6,0.0889,-4.873,1,44,0.0426,93.47,0.637,2004
0.334,0.763,256360,0.628,1,0.000225,1,0.309,-6.678,1,42,0.27,172.101,0.653,2004
0.0701,0.608,233400,0.622,1,0,9,0.161,-10.152,1,44,0.0507,159.589,0.855,2004
0.153,0.696,198200,0.5,0,0,4,0.108,-6.84,0,44,0.0374,161.325,0.962,2004
0.531,0.565,161880,0.629,0,0.000302,4,0.11,-4.226,0,45,0.026,74.843,0.725,2004
0.0415,0.502,205973,0.68,0,3.70E-06,4,0.362,-5.707,1,43,0.0322,148.608,0.381,2004
0.329,0.843,209027,0.833,0,0.0567,0,0.126,-6.156,0,57,0.0341,141.99,0.972,2004
0.995,0.445,169467,0.0123,0,0.925,0,0.169,-25.606,1,48,0.0454,58.875,0.232,2004
0.12,0.956,216507,0.379,0,0.000185,0,0.0964,-9.767,0,42,0.0372,112.135,0.586,2004
0.908,0.421,763467,0.0978,0,0.336,7,0.225,-16.397,0,43,0.05,79.292,0.192,2004
0.0345,0.878,238493,0.699,0,3.37E-06,10,0.755,-5.897,0,41,0.132,104.838,0.666,2004
0.00357,0.831,223640,0.481,1,0,7,0.362,-5.497,1,43,0.384,86.922,0.693,2004
0.00831,0.639,81880,0.957,1,0.855,2,0.203,-7.864,0,46,0.386,95.033,0.188,2004
0.975,0.225,98373,0.0417,0,0.396,4,0.0718,-30.105,0,50,0.0435,133.89,0.0889,2004
0.549,0.694,240773,0.311,0,0.35,9,0.207,-13.39,1,49,0.0337,102.142,0.616,2004
0.000542,0.575,181773,0.813,0,0.0032,2,0.131,-4.34,1,54,0.0318,118.161,0.422,2004
0.984,0.632,254053,0.225,0,0.74,4,0.112,-13.423,1,46,0.0296,144.641,0.683,2004
0.128,0.669,266693,0.557,0,0.000517,10,0.176,-8.451,0,41,0.274,170.093,0.741,2004
0.793,0.358,408160,0.557,0,0,0,0.333,-8.006,1,48,0.0372,130.012,0.163,2004
0.67,0.624,198680,0.296,0,0.00789,4,0.113,-12.729,0,41,0.0386,77.939,0.394,2004
0.000401,0.365,192267,0.962,0,0,3,0.262,-1.847,0,43,0.0813,101.223,0.564,2004
0.0539,0.434,268760,0.71,0,9.28E-06,2,0.0935,-6.752,1,48,0.0379,125.328,0.275,2004
0.171,0.678,205027,0.94,1,0,4,0.338,-3.144,0,43,0.328,180.92,0.643,2004
0.204,0.729,207693,0.619,1,0,2,0.0948,-6.798,1,52,0.386,88.02,0.649,2004
0.943,0.593,302600,0.0814,0,0,10,0.112,-10.189,1,48,0.0624,175.767,0.703,2004
0.295,0.789,271013,0.451,0,0,9,0.0939,-10.807,1,51,0.0565,136.518,0.749,2004
0.0576,0.528,288667,0.469,0,0,0,0.0782,-8.734,1,44,0.0236,104.987,0.501,2004
0.981,0.229,184787,0.138,0,0.919,3,0.119,-18.358,0,48,0.0364,66.618,0.0662,2004
0.0604,0.844,280467,0.579,0,0,1,0.0588,-5.202,1,47,0.0516,90.489,0.775,2004
0.479,0.815,204307,0.898,0,0,7,0.0758,-2.648,0,46,0.0687,95.035,0.857,2004
0.0539,0.562,220867,0.626,0,0.00161,9,0.121,-7.016,0,47,0.0244,97.979,0.382,2004
0.201,0.678,301133,0.894,0,0.000899,1,0.0487,-5.52,0,44,0.197,173.993,0.724,2004
0.18,0.586,171600,0.793,0,0,1,0.571,-7.084,1,45,0.435,92.228,0.768,2004
0.346,0.569,153173,0.382,0,0.00303,7,0.0673,-9.493,1,47,0.0617,198.275,0.809,2004
0.0868,0.522,290853,0.824,0,5.15E-05,7,0.292,-6.033,1,41,0.034,121.727,0.562,2004
5.23E-05,0.208,246480,0.82,1,0,0,0.701,-7.354,1,44,0.253,173.913,0.483,2004
0.442,0.425,151267,0.462,0,0,10,0.631,-9.91,1,47,0.0275,91.697,0.36,2004
0.136,0.852,232053,0.627,0,0,5,0.141,-4.788,0,44,0.0456,91.026,0.674,2004
0.0265,0.65,240267,0.66,0,0,11,0.616,-6.96,1,45,0.306,105.721,0.754,2004
0.198,0.525,179120,0.537,0,0.615,4,0.124,-8.071,0,46,0.0301,90.001,0.319,2004
0.101,0.745,147280,0.808,0,0.526,9,0.118,-6.055,1,48,0.0442,103.011,0.935,2004
0.128,0.768,214560,0.725,0,0,11,0.122,-6.543,1,51,0.292,98.963,0.794,2004
0.0494,0.251,267987,0.866,0,0.000873,5,0.116,-4.072,0,55,0.0503,87.714,0.129,2004
0.933,0.219,152147,0.0283,0,0.827,2,0.132,-29.83,0,48,0.0357,57.394,0.0828,2004
0.0556,0.555,212000,0.876,0,0.00503,11,0.121,-5.628,0,49,0.0369,130.703,0.961,2004
0.091,0.508,117773,0.529,1,0.0236,10,0.231,-9.503,0,46,0.387,93.471,0.59,2004
0.867,0.599,190773,0.535,0,1.44E-06,9,0.741,-10.522,1,44,0.0339,117.59,0.835,2004
0.358,0.717,229373,0.743,1,0,1,0.0982,-5.696,0,48,0.265,91.256,0.521,2004
0.0359,0.756,265560,0.819,1,0,2,0.0966,-3.362,0,41,0.245,191.604,0.491,2004
0.732,0.334,212133,0.262,0,0.388,5,0.235,-14.193,0,46,0.0391,80.446,0.145,2004
0.0934,0.765,214080,0.585,0,3.60E-06,11,0.306,-7.659,0,51,0.0476,131.913,0.819,2004
0.035,0.29,342560,0.913,0,6.69E-05,2,0.914,-3.059,1,42,0.107,185.94,0.525,2004
0.292,0.717,234853,0.597,0,0,2,0.128,-7.83,1,48,0.189,95.018,0.566,2004
0.0156,0.382,189826,0.961,1,0,3,0.121,-3.322,0,50,0.0903,164.106,0.393,2004
0.261,0.604,309838,0.622,0,0,11,0.106,-6.848,1,52,0.0309,134.048,0.546,2004
0.172,0.824,233973,0.447,0,0,6,0.0685,-9.445,0,41,0.0429,136.049,0.969,2004
0.14,0.642,193893,0.454,0,0,2,0.109,-8.185,1,49,0.241,177.058,0.413,2004
0.00058,0.591,139133,0.973,0,0.225,10,0.501,-3.512,0,42,0.103,132.209,0.371,2004
0.719,0.589,167893,0.518,0,0,4,0.326,-8.669,0,43,0.152,166.406,0.788,2004
0.000845,0.85,359640,0.876,1,7.79E-05,10,0.124,-4.583,0,43,0.167,138.493,0.626,2004
0.336,0.618,196667,0.741,0,0,7,0.103,-5.18,1,57,0.0277,112.029,0.722,2004
0.00344,0.536,112067,0.821,0,0.00897,10,0.307,-8.95,1,44,0.0385,128.132,0.688,2004
0.418,0.591,182893,0.386,0,4.41E-06,0,0.201,-6.912,1,50,0.0407,116.198,0.341,2004
0.304,0.461,181507,0.675,0,0.00711,7,0.132,-6.098,1,42,0.0659,186.183,0.423,2004
0.00234,0.514,239867,0.945,0,0.000158,8,0.0638,-4.833,1,47,0.105,104.971,0.409,2004
9.88E-05,0.394,238427,0.945,0,1.65E-06,3,0.106,-3.914,1,43,0.0568,168.1,0.405,2004
0.165,0.353,262987,0.76,0,0.0245,4,0.369,-5.105,0,50,0.0344,119.52,0.273,2004
0.181,0.837,199493,0.823,0,0,8,0.0737,-4.516,1,51,0.158,91.923,0.822,2004
0.0718,0.838,270333,0.942,1,0,5,0.142,-2.353,1,42,0.395,79.935,0.961,2004
0.000253,0.512,203960,0.855,1,0.0041,7,0.118,-3.799,1,44,0.0411,93.929,0.303,2004
0.00836,0.808,241053,0.745,1,0,6,0.815,-5.551,0,45,0.201,147.04,0.79,2004
0.00656,0.449,306600,0.72,0,6.84E-05,10,0.127,-5.382,0,53,0.0355,138.482,0.114,2004
0.00894,0.765,194040,0.741,0,0,1,0.153,-6.391,1,49,0.287,88.452,0.454,2004
0.0208,0.772,268467,0.553,1,0.000716,7,0.355,-4.76,1,42,0.038,86.958,0.903,2004
1.33E-05,0.489,242040,0.891,0,3.16E-06,6,0.0722,-4.507,0,44,0.0574,145.016,0.558,2004
0.967,0.279,198960,0.145,0,3.25E-05,3,0.13,-16.984,1,43,0.0638,181.296,0.302,2004
0.049,0.449,171840,0.699,1,0.101,4,0.873,-9.277,0,46,0.0596,94.072,0.408,2004
0.0205,0.897,243560,0.835,1,3.41E-06,4,0.0846,-3.998,0,43,0.0652,105.627,0.885,2004
0.342,0.85,185787,0.679,0,0,4,0.299,-5.023,1,52,0.0742,99.976,0.885,2004
0.00761,0.352,192587,0.995,0,2.60E-05,11,0.511,-1.667,1,49,0.181,134.262,0.138,2004
0.221,0.8,190227,0.609,0,0,0,0.175,-8.32,1,46,0.0575,138.319,0.965,2004
0.546,0.402,115360,0.817,1,0.00889,10,0.426,-9.215,0,46,0.307,97.267,0.334,2004
0.176,0.701,231480,0.913,1,0.000479,10,0.0801,-4.664,0,48,0.111,103.002,0.652,2005
0.001,0.533,254227,0.866,0,0.000446,4,0.524,-6.367,1,45,0.0499,128.489,0.395,2005
0.17,0.627,278187,0.673,0,0,9,0.0948,-5.291,0,61,0.0569,174.523,0.499,2005
0.35,0.687,173133,0.361,0,1.11E-05,10,0.11,-11.589,1,64,0.0792,165.747,0.526,2005
0.639,0.471,285640,0.444,0,0,3,0.0968,-7.155,1,52,0.0299,145.054,0.35,2005
0.377,0.765,247333,0.709,1,0,10,0.345,-4.448,0,49,0.285,89.896,0.719,2005
0.153,0.502,246800,0.74,0,5.45E-06,3,0.0951,-3.043,1,45,0.0337,161.208,0.574,2005
0.831,0.479,347733,0.259,0,0,3,0.142,-11.928,1,47,0.0681,137.911,0.338,2005
0.113,0.746,213080,0.844,1,8.71E-05,4,0.39,-8.154,1,47,0.191,90.852,0.511,2005
0.76,0.694,228560,0.47,0,0,11,0.128,-8.944,1,60,0.0337,121.975,0.287,2005
0.199,0.384,281293,0.569,0,0.000367,3,0.182,-11.974,1,50,0.0512,203.105,0.538,2005
0.00052,0.173,226427,0.872,0,0.0353,7,0.324,-4.39,0,60,0.0533,149.361,0.39,2005
0.0431,0.714,283040,0.818,0,0,6,0.122,-7.524,1,50,0.189,96.021,0.637,2005
0.0391,0.754,265320,0.809,0,8.04E-06,11,0.0558,-6.809,1,46,0.292,127.982,0.722,2005
0.196,0.826,194987,0.712,0,5.27E-06,10,0.297,-5.851,1,46,0.0403,106.608,0.968,2005
0.524,0.763,199747,0.39,0,0.000358,7,0.287,-10.074,1,53,0.0863,83.756,0.675,2005
0.916,0.318,132160,0.149,0,0.000154,9,0.118,-13.001,0,49,0.035,145.913,0.368,2005
0.396,0.563,240293,0.201,0,0.000407,2,0.0544,-16.489,1,50,0.053,124.216,0.233,2005
6.57E-05,0.499,200293,0.935,0,0.0221,9,0.0695,-3.141,1,48,0.0631,136.911,0.378,2005
0.00987,0.8,260160,0.923,1,0.486,0,0.0687,-8.963,0,55,0.0436,134.993,0.849,2005
0.125,0.361,386055,0.314,0,0,4,0.177,-10.184,1,44,0.0285,141.921,0.072,2005
0.134,0.608,334240,0.688,0,0.206,5,0.0951,-7.655,0,44,0.0296,114.414,0.749,2005
0.0507,0.963,274440,0.643,1,4.94E-05,1,0.157,-5.785,0,48,0.117,107.005,0.534,2005
0.801,0.363,203733,0.549,0,0,5,0.255,-13.133,0,47,0.142,147.397,0.688,2005
0.143,0.636,155747,0.83,0,0,2,0.0584,-4.152,1,53,0.0391,152.172,0.887,2005
0.979,0.458,304853,0.362,0,0.494,5,0.119,-10.043,1,44,0.0305,139.879,0.223,2005
0.531,0.601,299867,0.562,0,2.68E-06,10,0.152,-3.977,1,43,0.0267,134.929,0.29,2005
0.0337,0.95,284800,0.651,1,0,5,0.0424,-4.226,0,48,0.0547,104.495,0.777,2005
0.019,0.511,223427,0.774,0,1.19E-06,11,0.478,-5.192,0,44,0.139,123.061,0.712,2005
0.702,0.726,253013,0.542,0,0,7,0.0962,-7.952,1,60,0.042,89.583,0.396,2005
0.85,0.327,164413,0.262,0,0,5,0.193,-9.49,1,48,0.0446,190.806,0.421,2005
0.228,0.641,249760,0.861,1,0,4,0.868,-6.9,1,52,0.0697,105.316,0.473,2005
0.467,0.799,33573,0.307,1,0,1,0.146,-12.543,1,46,0.917,52.165,0.753,2005
0.00084,0.323,206333,0.692,0,0,11,0.124,-6.29,0,44,0.0478,84.1,0.414,2005
0.992,0.261,286987,0.0149,0,0.897,1,0.102,-27.528,1,53,0.0419,75.296,0.0382,2005
0.638,0.319,256920,0.398,0,0.000245,9,0.25,-11.097,1,54,0.0381,73.647,0.161,2005
0.372,0.62,235827,0.813,0,0.00626,2,0.0306,-6.118,1,51,0.0312,111.076,0.974,2005
0.795,0.54,423413,0.198,0,0.0172,0,0.112,-14.081,1,45,0.0329,125.532,0.212,2005
8.68E-05,0.577,489960,0.959,0,0.000615,1,0.154,-4.29,1,50,0.0915,111.003,0.396,2005
0.135,0.395,241987,0.725,0,3.39E-05,7,0.301,-7.129,1,43,0.0338,92.366,0.413,2005
0.000521,0.667,239073,0.523,0,0,1,0.0984,-5.817,1,47,0.0311,136.544,0.18,2005
4.00E-05,0.393,219382,0.959,0,0.000569,1,0.1,-4.343,1,53,0.108,185.226,0.61,2005
0.00107,0.621,178147,0.746,0,6.04E-05,9,0.204,-6.46,1,44,0.027,144.648,0.767,2005
0.512,0.671,173640,0.649,0,0,0,0.349,-5.602,1,47,0.0343,84.549,0.955,2005
0.106,0.754,263333,0.647,0,2.79E-05,1,0.0712,-8.169,1,44,0.08,123.858,0.827,2005
0.979,0.487,149773,0.113,0,0.892,0,0.0778,-18.967,1,47,0.0564,66.475,0.233,2005
0.362,0.61,245013,0.746,1,0,1,0.191,-6.384,0,50,0.291,96.098,0.677,2005
0.271,0.612,219880,0.646,0,0,9,0.0819,-7.586,1,50,0.0337,162.425,0.781,2005
0.091,0.566,219360,0.621,0,9.50E-06,0,0.0882,-8.762,1,43,0.0263,112.149,0.4,2005
0.418,0.76,322960,0.633,1,6.36E-06,8,0.128,-4.342,1,45,0.226,91.114,0.492,2005
0.0983,0.827,227240,0.813,1,0,11,0.0413,-6.1,0,43,0.328,99.956,0.596,2005
0.0718,0.608,290013,0.768,0,0.00134,0,0.0878,-3.598,1,58,0.0344,143.934,0.252,2005
1.51E-05,0.229,291213,0.988,1,0.000272,10,0.0949,-3.475,1,50,0.116,144.96,0.359,2005
0.137,0.391,305960,0.543,0,0.000364,4,0.0856,-7.765,1,51,0.0371,144.552,0.238,2005
0.0437,0.391,218773,0.63,0,0.00115,3,0.113,-6.764,0,43,0.0274,174.04,0.134,2005
0.185,0.526,234653,0.569,0,0,1,0.0812,-5.786,1,43,0.0259,147.87,0.357,2005
0.583,0.614,277773,0.725,0,0,7,0.148,-5.757,1,45,0.0451,81.953,0.646,2005
0.00732,0.638,253947,0.522,1,3.64E-06,7,0.136,-10.046,1,44,0.0682,169.783,0.441,2005
0.197,0.643,347467,0.825,0,0.961,1,0.116,-8.543,1,50,0.0352,96.728,0.766,2005
0.0518,0.568,241333,0.971,0,4.24E-05,7,0.265,-3.478,1,47,0.0543,139.27,0.778,2005
0.279,0.591,277227,0.918,1,0,11,0.0662,-4.139,1,47,0.354,93.172,0.478,2005
0.322,0.556,191373,0.663,0,0.000773,7,0.129,-8.965,0,43,0.0261,113.118,0.446,2005
0.00521,0.492,328220,0.783,0,0.0361,8,0.0951,-8.997,0,53,0.0483,127.437,0.26,2005
0.749,0.739,187773,0.449,0,0,11,0.0811,-9.669,1,44,0.0563,108.073,0.289,2005
0.144,0.814,262493,0.722,0,0,0,0.191,-6.075,1,51,0.134,99.994,0.642,2005
0.000454,0.473,316720,0.713,0,0.000155,1,0.12,-7.594,1,45,0.031,112.027,0.129,2005
0.012,0.48,255173,0.845,1,0,10,0.331,-4.127,0,51,0.303,79.374,0.872,2005
0.0649,0.702,222960,0.978,0,0.000444,8,0.311,-3.406,1,50,0.0473,110,0.668,2005
0.0138,0.668,188592,0.805,0,0,6,0.19,-4.399,1,43,0.126,144.789,0.426,2005
0.0386,0.844,221467,0.648,0,0,9,0.223,-10.685,0,44,0.113,113.074,0.794,2005
0.428,0.428,345156,0.346,0,0,5,0.101,-7.092,1,60,0.0324,87.185,0.4,2005
0.115,0.352,333800,0.654,0,0.000213,6,0.31,-5.868,1,45,0.0315,139.335,0.509,2005
2.94E-05,0.593,223453,0.927,0,0.132,1,0.118,-3.533,1,48,0.0795,101.906,0.432,2005
0.183,0.761,296813,0.871,1,0,2,0.415,-4.059,1,47,0.328,94.081,0.505,2005
0.000703,0.448,230560,0.878,0,0.193,8,0.063,-5.288,1,49,0.0727,166.105,0.579,2005
0.989,0.359,338253,0.0323,0,0.91,1,0.0938,-24.408,1,53,0.0377,107.169,0.0728,2005
0.013,0.753,261960,0.671,1,0,7,0.0459,-6.531,1,43,0.291,154.059,0.707,2005
0.0248,0.591,265880,0.863,0,0.453,4,0.114,-8.226,1,47,0.0321,139.973,0.434,2005
0.185,0.704,317092,0.927,0,0.108,9,0.325,-7.157,1,44,0.0436,114.994,0.342,2005
0.347,0.551,187107,0.481,0,0,2,0.0719,-9.298,1,44,0.0463,177.63,0.553,2005
0.702,0.5,242848,0.343,0,0.00114,7,0.113,-7.367,1,50,0.0261,136.28,0.155,2005
0.189,0.637,238853,0.818,0,0.886,10,0.0703,-7.178,0,46,0.0338,97.983,0.799,2005
0.00674,0.447,287635,0.679,0,0.00136,0,0.164,-6.884,0,53,0.0319,124.226,0.0599,2005
0.0262,0.676,247040,0.745,1,0,8,0.0756,-8.813,1,44,0.369,81.343,0.888,2005
0.403,0.37,193973,0.415,1,0,2,0.123,-5.458,1,50,0.036,176.455,0.24,2005
0.000269,0.709,231187,0.555,0,0,2,0.0804,-3.506,1,54,0.0348,106,0.638,2005
0.0058,0.495,236533,0.824,0,0,7,0.219,-3.474,0,49,0.0357,138.988,0.469,2005
0.145,0.772,180720,0.701,0,0.545,7,0.0859,-6.136,1,43,0.138,165.778,0.907,2005
2.61E-05,0.382,282053,0.976,0,0.0195,1,0.118,-2.598,1,49,0.0696,179.918,0.574,2005
0.375,0.614,237120,0.183,0,0.000718,4,0.158,-20.408,1,45,0.0281,78.75,0.424,2005
0.994,0.12,256573,0.138,0,0.686,10,0.11,-15.538,1,44,0.048,67.891,0.043,2005
0.641,0.589,353120,0.484,0,0.107,6,0.0873,-10.126,0,42,0.0249,99.067,0.149,2005
2.55E-05,0.446,173160,0.933,0,9.67E-05,9,0.085,-3.605,0,51,0.0537,159.961,0.753,2005
0.00698,0.704,144987,0.726,0,0.0151,0,0.167,-5.05,0,43,0.128,151.972,0.726,2005
0.0537,0.619,281133,0.746,1,0,10,0.295,-5.479,0,48,0.36,149.944,0.757,2005
0.078,0.668,218627,0.807,1,0,11,0.322,-3.854,0,44,0.325,90.052,0.483,2005
0.00868,0.692,326467,0.744,1,0.000423,2,0.359,-4.565,1,50,0.257,171.374,0.0612,2005
0.0226,0.519,220967,0.88,0,0,6,0.135,-3.929,1,49,0.0447,144.968,0.529,2005
0.0025,0.611,286787,0.763,1,0,11,0.182,-4.677,0,50,0.277,171.978,0.496,2005
0.139,0.67,345040,0.503,0,0,8,0.0905,-6.799,1,44,0.0449,110.109,0.186,2005
0.335,0.862,444373,0.707,0,0.000116,10,0.283,-6.243,0,50,0.0585,121.259,0.849,2006
0.000984,0.503,245573,0.667,0,0.027,11,0.229,-6.831,0,55,0.0285,113.018,0.101,2006
0.0429,0.445,298560,0.452,0,0.00733,0,0.0937,-9.604,1,44,0.0244,81.961,0.157,2006
0.0895,0.79,210307,0.908,0,6.36E-06,0,0.223,-4.836,1,51,0.0456,110.004,0.961,2006
0.0936,0.296,326040,0.563,0,5.93E-05,5,0.116,-5.58,1,56,0.029,167.412,0.267,2006
0.333,0.508,279160,0.544,0,0,7,0.257,-7.962,1,50,0.0286,138.114,0.407,2006
0.00144,0.532,248467,0.931,0,0.263,11,0.159,-3.662,0,52,0.0467,113.424,0.383,2006
0.658,0.463,289693,0.431,0,0,9,0.102,-5.802,1,52,0.0299,136.172,0.289,2006
0.0762,0.541,307933,0.828,0,3.12E-05,2,0.318,-4.048,1,44,0.0417,95.011,0.503,2006
0.381,0.665,215342,0.554,0,0,1,0.145,-8.2,0,57,0.0287,122.03,0.5,2006
0.0578,0.614,214347,0.84,0,0,10,0.108,-5.123,1,45,0.0487,130.147,0.817,2006
0.0207,0.661,236680,0.819,1,0,1,0.32,-2.15,0,52,0.263,87.001,0.558,2006
0.618,0.488,237800,0.488,0,0,4,0.632,-8.87,0,48,0.0387,99.782,0.454,2006
0.659,0.573,128853,0.442,0,0,7,0.211,-10.305,1,46,0.0482,107.855,0.703,2006
0.988,0.361,223347,0.185,0,0.899,5,0.21,-14.602,1,49,0.0362,129.439,0.401,2006
0.686,0.743,75973,0.463,0,0,6,0.263,-8.987,1,47,0.0272,113.132,0.811,2006
0.674,0.61,199360,0.379,0,0,7,0.149,-7.849,1,44,0.0288,81.872,0.355,2006
0.292,0.793,237280,0.425,0,0.836,2,0.0786,-11.208,1,45,0.0874,77.663,0.522,2006
0.0285,0.902,263280,0.358,0,0.00992,9,0.0917,-9.032,0,46,0.15,116.025,0.773,2006
0.0155,0.758,225560,0.74,0,0,0,0.229,-5.762,0,45,0.203,110.831,0.619,2006
0.0361,0.761,225293,0.626,1,2.71E-05,7,0.121,-2.862,1,44,0.0522,147.019,0.663,2006
0.566,0.652,211227,0.634,0,1.08E-06,9,0.15,-9.914,1,51,0.0261,114.681,0.674,2006
0.602,0.621,310747,0.413,0,4.88E-06,4,0.145,-12.274,1,46,0.0348,139.491,0.338,2006
0.899,0.71,174027,0.188,0,0.366,10,0.128,-18.477,1,47,0.0369,77.994,0.557,2006
0.359,0.404,326813,0.556,0,4.93E-06,4,0.0964,-8.329,1,62,0.0326,159.256,0.34,2006
0.993,0.141,536187,0.00726,0,0.581,4,0.101,-16.518,0,52,0.0471,70.586,0.0368,2006
0.235,0.41,462293,0.577,0,0.0103,11,0.191,-6.836,0,43,0.0423,76.862,0.16,2006
0.000836,0.65,166867,0.868,0,1.61E-05,5,0.245,-3.988,1,49,0.084,87.961,0.71,2006
0.233,0.754,244533,0.6,1,0,5,0.437,-4.582,0,45,0.253,156.932,0.778,2006
0.248,0.806,224227,0.686,1,0,8,0.0613,-2.754,0,44,0.154,84.011,0.632,2006
0.00785,0.534,252107,0.882,0,0,7,0.107,-4.161,1,52,0.0482,113.045,0.368,2006
0.759,0.335,365427,0.323,0,0.824,9,0.0717,-14.71,0,48,0.0564,91.599,0.291,2006
0.0511,0.831,202267,0.828,1,0,5,0.331,-4.912,0,43,0.329,81.993,0.732,2006
0.362,0.545,149013,0.255,0,1.77E-05,8,0.0841,-14.844,1,55,0.0311,98.088,0.831,2006
0.709,0.645,291147,0.796,0,1.73E-05,2,0.0992,-8.029,1,48,0.0508,176.942,0.745,2006
0.0499,0.513,211533,0.72,0,0,6,0.0535,-4.488,1,44,0.0273,164.099,0.5,2006
0.0872,0.945,179560,0.701,1,3.32E-06,8,0.147,-3.749,1,47,0.158,107.036,0.617,2006
0.00145,0.448,224853,0.814,0,0,1,0.104,-4.601,0,46,0.0337,161.93,0.523,2006
0.0169,0.593,223613,0.651,0,0,9,0.141,-6.904,0,50,0.135,86.535,0.323,2006
0.235,0.772,170960,0.94,0,0,7,0.0705,-2.123,1,50,0.139,152.619,0.962,2006
0.811,0.0912,86187,0.195,0,0.786,7,0.27,-16.486,1,49,0.0366,86.253,0.158,2006
0.737,0.414,329320,0.296,0,0.000122,11,0.103,-10.341,1,44,0.029,139.801,0.0862,2006
0.00603,0.56,284227,0.503,1,0,4,0.114,-6.618,0,47,0.273,77.168,0.254,2006
0.461,0.761,205600,0.57,0,0,0,0.158,-4.882,1,43,0.104,75.025,0.553,2006
0.7,0.569,257906,0.118,0,6.21E-05,0,0.118,-18.932,0,54,0.106,171.208,0.463,2006
0.053,0.449,252507,0.764,0,3.88E-06,2,0.129,-7.029,0,45,0.0636,105.807,0.431,2006
0.0342,0.556,340533,0.67,0,0.0214,11,0.376,-8.042,0,46,0.0354,146.467,0.386,2006
0.404,0.691,204533,0.662,0,0.00509,4,0.465,-10.045,1,50,0.053,157.367,0.947,2006
3.29E-05,0.416,259693,0.927,0,0.00872,2,0.0782,-3.257,1,48,0.0844,125.758,0.339,2006
0.17,0.395,186693,0.391,0,0,2,0.0975,-7.063,1,46,0.0313,119.692,0.208,2006
0.595,0.701,133867,0.497,0,3.12E-05,4,0.118,-10.05,1,47,0.0316,96.513,0.963,2006
0.0788,0.66,192147,0.779,0,1.48E-06,1,0.0884,-4.938,1,46,0.0437,102.964,0.341,2006
0.468,0.425,383107,0.197,0,0.622,9,0.0662,-16.513,1,45,0.0307,116.468,0.235,2006
0.484,0.439,265613,0.338,0,0.00042,10,0.188,-10.108,1,56,0.0252,93.573,0.216,2006
0.00624,0.607,262333,0.89,0,0.135,2,0.14,-3.148,1,52,0.0504,115.941,0.671,2006
0.134,0.564,239827,0.633,1,0,4,0.0846,-4.633,1,46,0.42,177.047,0.54,2006
0.857,0.648,132027,0.306,0,0,9,0.16,-8.559,1,46,0.028,99.931,0.367,2006
0.0219,0.702,250147,0.598,1,1.44E-06,9,0.25,-5.05,1,43,0.0653,87.017,0.592,2006
0.205,0.649,196293,0.593,0,0.0299,6,0.0933,-8.538,1,45,0.0737,149.709,0.803,2006
0.00316,0.622,143627,0.846,0,0,11,0.0989,-4.831,0,44,0.0311,110.683,0.914,2006
0.628,0.837,232347,0.699,0,0,10,0.0909,-5.924,1,46,0.142,95.519,0.888,2006
3.68E-05,0.401,328200,0.995,0,0.00128,6,0.176,-2.831,0,49,0.118,116.444,0.112,2006
0.563,0.856,185360,0.517,0,0.000164,6,0.144,-9.232,0,44,0.0293,118.399,0.479,2006
0.692,0.494,285000,0.402,0,0,4,0.201,-7.083,1,53,0.0284,120.803,0.263,2006
0.664,0.727,146469,0.382,0,0,7,0.076,-11.786,1,52,0.0408,108.213,0.62,2006
0.145,0.594,229800,0.785,0,9.59E-05,0,0.165,-5.364,1,48,0.0329,130.217,0.278,2006
0.555,0.682,203880,0.716,0,3.47E-05,8,0.351,-3.518,1,50,0.0379,149.312,0.694,2006
0.00194,0.557,214400,0.951,0,0.000172,0,0.157,-3.003,1,48,0.033,93.974,0.528,2006
0.00177,0.511,254560,0.983,0,0.169,6,0.504,-3.702,0,48,0.141,128.315,0.333,2006
0.00677,0.763,239960,0.728,0,1.22E-05,7,0.0915,-4.944,1,48,0.326,105.923,0.362,2006
0.0685,0.419,98720,0.713,1,0.541,5,0.291,-8.867,0,48,0.0976,186.785,0.555,2006
0.282,0.53,252867,0.539,0,0.018,0,0.11,-7.728,1,54,0.0293,81.686,0.298,2006
0.185,0.524,231293,0.809,0,0,2,0.345,-4.787,1,44,0.335,210.893,0.532,2006
0.598,0.696,250333,0.39,0,0,4,0.106,-11.192,1,47,0.0272,111.706,0.274,2006
0.898,0.454,265560,0.233,0,0.81,11,0.0965,-19.064,1,48,0.0367,173.48,0.0986,2006
0.000422,0.475,198653,0.874,1,5.70E-05,7,0.0736,-3.693,1,55,0.0398,150.183,0.475,2006
0.853,0.348,212827,0.204,0,1.50E-06,8,0.139,-10.576,1,46,0.0292,174.519,0.174,2006
0.262,0.403,266253,0.555,0,0,11,0.096,-7.765,1,46,0.0288,129.421,0.289,2006
0.807,0.309,140653,0.235,0,0,2,0.0773,-10.366,1,47,0.0322,127.845,0.0891,2006
0.291,0.783,199107,0.665,0,7.66E-05,9,0.0718,-5.529,1,44,0.0258,94.024,0.653,2006
0.000249,0.561,148107,0.929,0,0.00027,2,0.0588,-3.201,1,43,0.128,133.129,0.472,2006
0.0207,0.774,275267,0.778,0,0,1,0.237,-5.066,1,46,0.246,77.992,0.514,2006
0.0225,0.761,235480,0.69,1,0,11,0.34,-5.56,1,49,0.11,114.987,0.742,2006
0.958,0.307,71053,0.048,0,6.07E-06,8,0.0899,-25.331,0,49,0.0751,74.329,0.184,2006
0.00871,0.629,194973,0.901,0,0,4,0.0573,-3.357,1,45,0.0311,133.034,0.581,2006
0.0135,0.524,270467,0.945,0,0.00332,11,0.108,-2.467,0,51,0.0797,149.819,0.8,2006
0.832,0.674,137547,0.314,0,0,2,0.163,-12.319,1,44,0.0363,105.289,0.743,2006
0.285,0.702,246600,0.728,1,0,9,0.0888,-7.566,0,43,0.251,140.052,0.577,2006
0.672,0.615,212773,0.445,0,1.88E-06,3,0.0564,-12.532,1,43,0.0373,135.906,0.965,2006
0.000669,0.599,173667,0.946,0,0,8,0.0973,-4.192,1,44,0.0378,108.934,0.653,2006
0.0148,0.307,261747,0.98,0,0.00813,7,0.67,-4.186,1,46,0.226,130.244,0.132,2006
0.0167,0.397,167893,0.606,0,0,7,0.123,-5.312,1,44,0.0303,160.018,0.237,2006
0.44,0.537,232027,0.502,0,0.0709,4,0.199,-8.406,1,69,0.025,80.511,0.288,2006
5.50E-05,0.261,265800,0.905,0,0.262,10,0.396,-3.483,0,51,0.039,173.782,0.379,2006
0.466,0.728,248960,0.464,0,9.66E-05,4,0.153,-10.34,1,47,0.0275,126.807,0.646,2006
0.374,0.789,170440,0.538,0,1.51E-05,10,0.34,-4.997,1,55,0.0445,116.034,0.923,2006
0.000454,0.783,214960,0.856,0,0.196,10,0.221,-5.302,0,47,0.0945,118.093,0.847,2006
0.133,0.764,242200,0.877,1,0.0435,2,0.298,-7.009,1,51,0.329,93.211,0.65,2006
0.0624,0.534,248133,0.759,0,0.00484,7,0.104,-4.781,1,52,0.0469,150.976,0.574,2006
0.137,0.503,159480,0.576,1,0,6,0.145,-9.227,0,47,0.388,93.413,0.862,2006
0.587,0.704,213394,0.861,0,0.0615,2,0.0992,-4.221,0,72,0.0493,128.99,0.636,2007
0.00754,0.359,279867,0.978,0,0,6,0.367,-3.895,1,50,0.0905,178.082,0.555,2007
0.00182,0.952,297427,0.524,1,1.14E-05,6,0.111,-6.061,0,44,0.1,129.978,0.669,2007
0.00172,0.569,174133,0.793,0,0.00054,0,0.136,-5.041,0,47,0.0329,139.979,0.687,2007
0.00269,0.586,271093,0.676,0,6.14E-05,11,0.091,-8.076,0,43,0.0599,188.265,0.538,2007
0.232,0.771,219227,0.865,1,7.08E-06,6,0.0909,-6.15,1,48,0.368,85.94,0.372,2007
0.618,0.519,255827,0.438,0,0.513,2,0.171,-11.58,1,45,0.0256,74.561,0.376,2007
0.788,0.612,179626,0.584,0,3.13E-06,8,0.193,-6.296,1,48,0.0623,154.704,0.845,2007
0.272,0.267,177080,0.516,0,0,6,0.192,-8.936,0,48,0.0548,179.562,0.272,2007
0.00962,0.395,199067,0.955,0,0,9,0.36,-3.799,1,56,0.0488,140.219,0.658,2007
0.0769,0.846,227120,0.814,0,0,1,0.0588,-4.945,1,48,0.353,75.01,0.671,2007
0.000187,0.374,259507,0.959,0,0.00206,7,0.081,-4.695,1,46,0.14,183.659,0.375,2007
0.0067,0.925,208200,0.588,0,0.302,2,0.114,-10.028,1,51,0.0579,120.017,0.965,2007
0.183,0.568,209267,0.854,0,0,8,0.3,-6.214,1,48,0.0316,130.16,0.704,2007
0.00154,0.389,310600,0.612,0,1.03E-05,4,0.116,-6.392,1,53,0.0355,138.351,0.16,2007
0.00533,0.609,198947,0.743,0,0,1,0.32,-5.603,1,65,0.032,83.969,0.493,2007
0.224,0.78,220040,0.926,1,6.22E-05,6,0.136,-3.913,0,51,0.284,91.627,0.781,2007
0.0369,0.655,239400,0.747,0,1.29E-06,4,0.0449,-4.41,1,47,0.0333,118.054,0.613,2007
0.365,0.408,402920,0.465,0,6.01E-05,4,0.215,-11.772,0,51,0.0338,135.668,0.151,2007
0.869,0.582,137360,0.391,0,0.000241,4,0.116,-9.933,0,45,0.0327,103.181,0.529,2007
0.25,0.526,262760,0.918,0,4.54E-05,9,0.0778,-8.789,0,49,0.0771,164.453,0.578,2007
0.404,0.718,260840,0.533,0,0,6,0.0828,-9.883,1,48,0.462,119.25,0.683,2007
0.238,0.627,262867,0.397,0,2.73E-05,6,0.103,-8.765,1,44,0.0292,119.877,0.219,2007
0.342,0.719,200693,0.62,0,0.435,5,0.105,-6.796,0,48,0.0319,89.994,0.588,2007
0.0519,0.628,188467,0.941,0,0,0,0.519,-3.305,1,48,0.0508,143.999,0.85,2007
0.0273,0.399,320973,0.802,0,0.00387,6,0.187,-7.869,0,46,0.35,87.818,0.437,2007
0.195,0.648,297227,0.895,1,0.00132,10,0.0335,-3.187,1,49,0.28,82.122,0.817,2007
0.0544,0.541,210960,0.925,0,0.867,5,0.298,-5.302,1,43,0.0313,133.002,0.747,2007
0.376,0.663,210120,0.703,0,0,2,0.21,-3.763,0,49,0.0537,195.969,0.932,2007
0.0199,0.682,188040,0.858,0,0,1,0.148,-3.452,0,59,0.029,153.845,0.909,2007
0.0284,0.64,207600,0.817,0,9.81E-05,7,0.189,-5.636,1,50,0.0254,108.185,0.772,2007
0.501,0.921,151733,0.266,0,0.134,10,0.109,-12.749,0,51,0.213,123.043,0.761,2007
0.377,0.713,190413,0.613,0,2.79E-06,6,0.308,-4.839,1,50,0.0522,133.746,0.98,2007
0.00091,0.504,252640,0.961,0,3.04E-05,7,0.417,-4.697,1,50,0.0799,150.01,0.36,2007
0.865,0.454,249615,0.426,0,0.000933,6,0.171,-7.294,0,50,0.0269,77.923,0.191,2007
2.03E-05,0.487,177933,0.766,0,3.26E-05,1,0.225,-5.914,1,46,0.0647,95.641,0.614,2007
0.46,0.724,94053,0.652,0,0.000142,3,0.101,-6.869,1,57,0.0247,106.911,0.75,2007
0.0314,0.637,191160,0.612,0,0.000326,1,0.155,-7.298,1,51,0.0661,76.295,0.711,2007
0.0523,0.414,308547,0.691,0,0,2,0.0756,-5.969,1,56,0.0304,174.03,0.552,2007
0.592,0.89,142933,0.494,0,0.0011,3,0.0615,-5.35,1,43,0.0823,106.696,0.97,2007
0.00249,0.589,159800,0.871,0,2.29E-05,11,0.32,-6.789,0,51,0.105,128.997,0.523,2007
0.585,0.639,196453,0.43,0,8.68E-05,5,0.109,-7.559,1,52,0.0292,107.996,0.39,2007
0.0147,0.488,216547,0.967,0,0,3,0.109,-2.701,1,47,0.0755,130.928,0.341,2007
0.4,0.407,295507,0.866,0,0.0409,4,0.27,-8.048,0,50,0.0996,80.813,0.723,2007
0.000172,0.541,237693,0.98,1,1.60E-06,1,0.319,-3.463,1,49,0.0832,107.779,0.388,2007
0.000442,0.421,261240,0.935,0,0.000212,8,0.1,-5.153,0,45,0.0697,165.02,0.455,2007
0.00018,0.435,251293,0.91,0,1.36E-06,2,0.141,-3.222,1,45,0.0515,131.963,0.308,2007
0.0736,0.698,228920,0.703,1,2.69E-06,11,0.305,-6.095,1,48,0.0504,186.139,0.662,2007
0.755,0.434,289067,0.391,0,0,4,0.109,-8.016,1,58,0.0341,139.972,0.283,2007
0.146,0.389,232200,0.71,0,0,1,0.202,-3.664,0,58,0.0343,137.752,0.34,2007
0.166,0.642,262293,0.666,0,0,5,0.146,-5.29,1,49,0.0333,104.038,0.195,2007
0.00172,0.49,188507,0.889,0,0,2,0.353,-2.422,1,54,0.0432,80.594,0.679,2007
0.229,0.323,146000,0.704,0,1.27E-06,9,0.228,-11.585,1,52,0.0573,183.673,0.804,2007
0.025,0.593,194293,0.84,0,0,4,0.0716,-5.387,0,45,0.108,103.384,0.775,2007
0.128,0.681,217307,0.831,0,0.00227,2,0.655,-4.32,1,43,0.0472,96.914,0.769,2007
0.0622,0.497,223813,0.857,0,0,0,0.0495,-3.313,1,43,0.0649,167.142,0.619,2007
0.00231,0.619,200827,0.726,0,0.766,7,0.652,-6.422,1,52,0.125,116.966,0.424,2007
0.00161,0.482,341053,0.575,0,7.53E-06,9,0.102,-7.125,1,46,0.0267,82.488,0.174,2007
0.61,0.652,170987,0.758,0,5.75E-05,1,0.164,-3.006,0,43,0.0318,145.509,0.961,2007
0.0922,0.847,269507,0.576,0,0.00331,0,0.0373,-9.199,1,44,0.0359,128.992,0.882,2007
0.0123,0.598,197440,0.95,0,0,0,0.329,-5.219,1,43,0.139,105.185,0.29,2007
0.161,0.384,148560,0.95,0,7.15E-06,2,0.61,-7.264,1,49,0.149,175.055,0.454,2007
0.0308,0.886,230017,0.436,0,0,10,0.24,-6.209,0,45,0.157,80.002,0.925,2007
0.000193,0.407,186027,0.969,0,0.000113,5,0.19,-2.908,0,48,0.0856,168.891,0.647,2007
0.0484,0.841,288400,0.878,0,3.18E-06,8,0.335,-4.772,0,51,0.0782,115.973,0.966,2007
0.18,0.794,169320,0.65,0,8.79E-05,11,0.252,-5.352,0,55,0.0536,97.001,0.556,2007
0.533,0.875,192627,0.413,0,0,10,0.399,-10.183,0,49,0.185,106.034,0.769,2007
0.0514,0.773,196427,0.685,0,0,7,0.445,-8.271,1,46,0.0895,92.978,0.558,2007
0.00156,0.594,197200,0.482,0,0,4,0.131,-16.858,1,43,0.0417,122.155,0.252,2007
0.131,0.666,224107,0.7,0,0,0,0.254,-6.083,1,47,0.0267,104.021,0.644,2007
0.00174,0.486,213267,0.592,0,0.00114,7,0.0935,-5.176,1,46,0.0298,113.228,0.329,2007
0.484,0.426,358307,0.408,0,0.105,1,0.0898,-6.562,1,48,0.0299,131.174,0.174,2007
0.0342,0.731,291653,0.882,1,0,2,0.109,-5.613,1,43,0.206,153.02,0.497,2007
0.958,0.198,572147,0.0192,0,0.941,7,0.0647,-27.444,0,53,0.0356,104.989,0.0365,2007
0.669,0.563,172560,0.293,0,4.41E-05,0,0.302,-9.323,1,52,0.0331,102.961,0.63,2007
0.513,0.405,428387,0.799,0,0.375,5,0.221,-6.615,1,43,0.0635,113.991,0.274,2007
0.0214,0.703,279092,0.882,0,0.102,7,0.12,-5.146,1,47,0.0522,116.005,0.541,2007
0.389,0.48,199240,0.491,0,0.000899,0,0.104,-9.875,1,45,0.0373,153.741,0.566,2007
0.652,0.849,227880,0.745,0,0.000339,6,0.164,-6.963,0,54,0.157,94.989,0.835,2007
0.0245,0.712,271627,0.842,0,8.02E-06,6,0.194,-6.119,0,43,0.132,95.479,0.943,2007
0.835,0.35,152400,0.411,0,0.0017,8,0.118,-7.403,1,49,0.0275,179.68,0.163,2007
0.0643,0.874,313168,0.575,0,0.21,5,0.557,-10.022,1,60,0.0432,114.984,0.571,2007
0.533,0.859,183347,0.526,0,7.33E-05,6,0.104,-8.623,0,44,0.0292,118.399,0.487,2007
0.00209,0.429,311867,0.949,0,1.68E-06,2,0.187,-5.447,0,50,0.0877,139.949,0.402,2007
0.0109,0.516,215307,0.964,0,0,4,0.249,-3.346,1,47,0.199,150.022,0.423,2007
0.94,0.531,209147,0.108,0,0.895,0,0.12,-18.584,1,45,0.059,96.46,0.0935,2007
0.413,0.493,374491,0.52,0,0,9,0.649,-5.844,1,53,0.0261,139.875,0.26,2007
0.0269,0.884,278147,0.469,0,0.00111,1,0.073,-9.852,0,50,0.0372,94.345,0.897,2007
0.67,0.571,226853,0.43,0,0,7,0.109,-6.206,1,62,0.0368,79.923,0.179,2007
0.202,0.647,180627,0.718,0,0,0,0.157,-4.161,1,47,0.0298,132.93,0.706,2007
0.704,0.665,196360,0.463,0,1.53E-05,7,0.104,-7.068,1,44,0.0412,124.996,0.786,2007
0.122,0.451,266960,0.644,0,0,11,0.901,-3.721,0,43,0.0412,197.467,0.422,2007
0.378,0.572,201680,0.641,0,2.13E-06,7,0.127,-4.798,1,46,0.0273,139.972,0.939,2007
0.0672,0.685,251400,0.797,1,0,9,0.29,-3.332,1,43,0.255,150.038,0.626,2007
0.944,0.368,175147,0.138,0,0.892,5,0.11,-17.489,1,46,0.0307,140.604,0.0594,2007
0.601,0.304,254840,0.27,0,0.088,9,0.0965,-16.355,1,52,0.0334,138.21,0.0384,2007
0.0104,0.38,256547,0.89,0,0.000369,5,0.147,-3.491,0,46,0.0438,76.594,0.554,2007
0.00091,0.317,220880,0.879,0,0.00142,9,0.0972,-7.533,1,50,0.0406,169.534,0.849,2007
0.238,0.527,210267,0.885,1,0,5,0.101,-0.938,0,44,0.333,88.964,0.842,2007
0.000242,0.565,262853,0.922,1,0,6,0.112,-4.936,1,43,0.117,130.025,0.393,2007
0.0665,0.794,304947,0.694,1,0,0,0.232,-6.224,1,44,0.169,85.021,0.758,2008
0.000928,0.484,192080,0.936,0,1.05E-05,11,0.548,-3.547,0,45,0.0481,156.984,0.811,2008
6.68E-05,0.337,229973,0.981,0,0.000717,8,0.0697,-3.54,1,48,0.141,176.995,0.228,2008
0.557,0.782,223667,0.455,0,0.51,2,0.0538,-9.613,1,45,0.0303,100.025,0.585,2008
0.737,0.578,225200,0.438,0,0.00877,2,0.097,-11.483,0,53,0.0696,89.083,0.79,2008
7.95E-05,0.706,220227,0.841,0,0,7,0.0688,-3.956,1,44,0.0418,132.032,0.861,2008
0.19,0.939,245200,0.81,0,0,10,0.062,-4.345,1,48,0.0341,134.957,0.947,2008
0.286,0.672,165133,0.864,0,0,7,0.144,-3.669,1,45,0.0453,123.903,0.812,2008
0.00127,0.776,208347,0.88,0,0.000413,9,0.0601,-3.495,1,46,0.0305,130.036,0.96,2008
0.000345,0.474,258973,0.817,0,0.00957,3,0.111,-4.047,1,47,0.0307,138.019,0.322,2008
0.271,0.694,256493,0.838,0,0.00326,1,0.612,-6.942,1,49,0.0465,109.976,0.809,2008
0.492,0.277,975267,0.182,0,0.782,2,0.125,-19.69,0,54,0.034,96.008,0.0357,2008
0.785,0.601,146787,0.449,0,2.60E-06,8,0.13,-8.078,1,47,0.358,82.285,0.78,2008
0.0108,0.345,226560,0.989,0,0,8,0.0859,-2.9,1,53,0.125,169.87,0.31,2008
0.825,0.844,180627,0.561,0,0.000919,6,0.103,-7.677,0,44,0.0378,121.755,0.936,2008
0.329,0.466,269907,0.696,0,0,8,0.0959,-6.497,1,45,0.287,171.684,0.649,2008
0.0135,0.588,181656,0.836,0,0,7,0.123,-5.1,1,47,0.0636,109.111,0.808,2008
0.0014,0.297,241173,0.637,0,0.18,0,0.247,-7.926,0,45,0.0336,94.73,0.332,2008
0.54,0.418,195040,0.717,0,3.56E-06,2,0.062,-3.713,1,45,0.0426,110.427,0.358,2008
0.0763,0.549,160027,0.673,0,0.000231,11,0.331,-5.373,1,44,0.0296,156.814,0.923,2008
0.00405,0.722,256067,0.333,1,5.25E-05,1,0.165,-7.47,1,44,0.178,159.93,0.369,2008
0.0164,0.321,362200,0.457,0,3.10E-05,11,0.19,-13.915,1,46,0.0375,86.884,0.238,2008
0.00239,0.419,228867,0.909,0,1.68E-05,0,0.24,-10.258,1,52,0.0639,142.217,0.494,2008
0.925,0.286,389213,0.0439,0,0.551,5,0.147,-24.745,1,51,0.042,152.867,0.0932,2008
0.000156,0.441,232640,0.91,0,0.0258,6,0.157,-4.292,0,44,0.0766,134.84,0.317,2008
0.258,0.704,217573,0.444,1,0,2,0.0951,-4.346,1,45,0.358,173.01,0.601,2008
0.151,0.755,206093,0.713,1,0,11,0.269,-4.753,0,47,0.15,151.047,0.741,2008
0.357,0.746,319933,0.609,0,0.00713,9,0.959,-10.14,1,51,0.0332,99.94,0.608,2008
0.22,0.513,260120,0.561,0,0.000307,0,0.236,-5.586,0,56,0.0339,129.923,0.406,2008
0.107,0.482,245280,0.525,0,1.10E-05,7,0.141,-6.432,1,44,0.026,144.523,0.163,2008
1.69E-05,0.329,135653,0.993,0,0.641,6,0.342,-3.416,1,50,0.0969,116.461,0.378,2008
0.00204,0.649,191867,0.82,0,0,0,0.127,-5.335,1,47,0.0479,109.952,0.355,2008
3.62E-05,0.447,226693,0.744,0,0.106,2,0.21,-4.613,1,48,0.0311,139.959,0.552,2008
0.0237,0.612,275293,0.666,1,0,0,0.662,-6.276,1,45,0.0363,148.064,0.788,2008
0.00203,0.498,216027,0.974,0,0,8,0.167,-2.649,1,46,0.144,165.043,0.646,2008
0.169,0.598,254667,0.636,0,7.32E-06,0,0.29,-4.177,1,44,0.0312,120.078,0.27,2008
2.23E-05,0.505,223893,0.964,0,0.0717,10,0.0381,-2.711,0,49,0.15,164.046,0.6,2008
0.00223,0.699,179640,0.76,0,0,5,0.132,-3.173,1,44,0.0677,129.996,0.696,2008
0.19,0.533,235840,0.359,0,0,9,0.118,-9.45,1,57,0.0314,120.858,0.165,2008
0.000119,0.313,399547,0.993,0,0.000335,11,0.303,-0.463,0,45,0.0751,129.255,0.497,2008
0.00773,0.772,247453,0.713,1,0,6,0.382,-5.268,1,48,0.303,83.008,0.578,2008
0.0808,0.665,231013,0.73,0,3.84E-05,11,0.0661,-7.524,0,46,0.106,173.839,0.718,2008
0.201,0.582,266173,0.86,0,0,9,0.205,-3.631,0,53,0.0376,93.31,0.88,2008
0.0116,0.812,214347,0.457,0,0.00058,1,0.113,-8.813,1,46,0.0805,140.489,0.666,2008
0.379,0.877,146240,0.774,0,0,0,0.0488,-5.817,1,49,0.0993,109.826,0.911,2008
0.000253,0.392,245480,0.932,0,1.72E-05,1,0.247,-3.839,1,45,0.0429,161.859,0.604,2008
0.0186,0.615,183213,0.76,0,0.053,10,0.0825,-8.393,0,51,0.0317,90.847,0.902,2008
2.47E-05,0.437,253627,0.971,0,0,5,0.254,-2.9,1,49,0.075,125.934,0.278,2008
0.000591,0.622,236280,0.762,1,0,7,0.072,-4.58,1,50,0.0376,112.028,0.514,2008
0.177,0.343,449640,0.828,0,1.34E-05,0,0.131,-9.308,1,53,0.0405,182.664,0.651,2008
0.00912,0.393,197760,0.965,0,0,5,0.385,-2.078,1,49,0.0734,134.919,0.37,2008
0.00342,0.574,197387,0.777,1,0,1,0.146,-6.478,1,44,0.0502,149.947,0.499,2008
0.0421,0.581,292547,0.959,0,0.93,10,0.242,-3.955,0,51,0.0498,124.969,0.731,2008
0.131,0.856,237173,0.78,0,0,7,0.401,-4.256,0,47,0.105,122.067,0.835,2008
0.808,0.622,175217,0.33,0,0,6,0.0916,-11.694,1,47,0.0411,138.016,0.459,2008
0.00964,0.408,227760,0.895,0,0,1,0.51,-6.027,1,49,0.196,171.695,0.531,2008
0.291,0.68,159760,0.641,0,0.418,7,0.174,-9.443,1,44,0.0963,160.01,0.143,2008
0.0546,0.84,238947,0.838,0,5.78E-06,2,0.0855,-7.287,1,52,0.037,115.041,0.804,2008
0.0827,0.647,259398,0.468,0,0.00276,2,0.0807,-8.871,1,63,0.0263,140.037,0.262,2008
0.834,0.561,317250,0.269,0,0,2,0.258,-9.446,1,47,0.0592,137.395,0.42,2008
0.000121,0.324,189080,0.938,0,2.58E-05,1,0.144,-3.436,1,52,0.0445,104.733,0.666,2008
0.0228,0.302,205013,0.619,0,0,0,0.231,-4.812,1,50,0.0331,156.359,0.291,2008
0.198,0.336,210400,0.682,0,0.00211,0,0.353,-4.667,1,59,0.0332,139.442,0.314,2008
0.281,0.489,211787,0.519,0,7.25E-06,6,0.121,-6.099,1,46,0.0266,108.259,0.163,2008
0.239,0.513,343200,0.683,0,0,2,0.0914,-4.005,1,45,0.0553,74.089,0.234,2008
0.452,0.506,287667,0.682,0,0.167,8,0.0925,-7.316,1,44,0.0382,165.677,0.602,2008
0.00307,0.734,253947,0.77,0,0,1,0.0824,-4.775,0,46,0.0324,104.999,0.686,2008
0.0467,0.894,500013,0.814,1,1.03E-05,6,0.0815,-4.114,0,47,0.14,110.004,0.292,2008
0.729,0.611,264800,0.679,0,0.481,2,0.167,-6.996,1,45,0.0397,121.962,0.495,2008
0.0794,0.446,228827,0.834,0,0,9,0.114,-4.014,0,48,0.0341,132.034,0.363,2008
0.0802,0.809,161760,0.531,0,0,10,0.188,-9.142,1,43,0.247,121.199,0.652,2008
0.393,0.619,163840,0.741,0,0,5,0.079,-7.186,1,47,0.0444,99.475,0.923,2008
0.221,0.493,196493,0.512,0,0,4,0.157,-4.816,0,45,0.0321,131.786,0.167,2008
0.575,0.727,109705,0.542,0,0,1,0.0986,-7.729,1,47,0.0538,120.057,0.558,2008
0.182,0.588,185360,0.812,0,0,8,0.163,-8.553,1,52,0.0696,94.032,0.714,2008
0.000287,0.49,594213,0.823,0,0.473,0,0.103,-5.97,0,44,0.115,138.045,0.105,2008
0.931,0,598425,7.46E-05,0,0.892,1,0.115,-19.703,0,47,0,0,0,2008
0.256,0.507,200493,0.556,0,4.56E-05,1,0.339,-5.53,1,46,0.0297,93.951,0.464,2008
0.367,0.597,391880,0.611,0,0.588,0,0.132,-9.878,1,47,0.0414,117.419,0.615,2008
0.883,0.51,250280,0.255,0,0.55,0,0.0696,-15.903,1,51,0.0291,115.115,0.188,2008
0.117,0.667,194760,0.396,0,0,9,0.0797,-13.336,0,44,0.0328,117.719,0.624,2008
0.0606,0.601,200560,0.852,0,3.41E-06,7,0.37,-3.096,1,44,0.0386,100.015,0.513,2008
0.0029,0.464,273333,0.712,0,0.0044,1,0.0693,-5.703,1,44,0.0391,163.92,0.651,2008
0.794,0.335,195467,0.584,0,0.000195,6,0.0869,-7.089,1,45,0.0341,78.51,0.332,2008
0.132,0.669,216053,0.638,0,9.51E-05,7,0.222,-9.003,1,49,0.0362,164.056,0.702,2008
0.028,0.543,169907,0.859,0,0,6,0.235,-3.592,1,49,0.0371,138.947,0.736,2008
0.0256,0.812,203693,0.873,1,2.59E-05,8,0.214,-5.051,0,44,0.0945,111,0.62,2008
0.392,0.548,254347,0.653,0,1.33E-05,0,0.973,-6.055,1,44,0.0386,117.856,0.214,2008
0.462,0.884,241120,0.414,0,0,4,0.22,-9.98,1,44,0.065,91.998,0.696,2008
0.0747,0.705,257933,0.912,0,0,0,0.106,-5.594,1,44,0.0687,134.019,0.227,2008
0.77,0.389,248547,0.143,0,2.82E-05,7,0.136,-14.065,1,47,0.0411,113.01,0.13,2008
0.672,0.501,240133,0.543,0,0,2,0.297,-8.155,1,44,0.0497,126.351,0.43,2008
0.424,0.62,238067,0.746,0,0,11,0.0684,-6.006,1,44,0.0552,138.454,0.191,2008
0.0547,0.768,200453,0.772,0,0,3,0.0521,-6.592,1,43,0.035,118.48,0.951,2008
0.899,0.651,283987,0.2,0,0.002,0,0.0726,-14.413,1,46,0.0359,121.044,0.238,2008
0.293,0.76,192560,0.83,0,0.299,2,0.0475,-5.709,1,43,0.0451,134.931,0.945,2008
0.00116,0.462,251840,0.95,1,0,11,0.268,-3.94,1,43,0.0705,134.089,0.252,2008
0.301,0.722,206533,0.691,0,0,10,0.114,-6.134,1,43,0.0404,98.01,0.685,2008
0.774,0.774,210627,0.471,0,0,3,0.164,-4.259,1,55,0.0339,95.864,0.964,2008
0.311,0.559,204507,0.684,0,1.17E-06,9,0.106,-5.79,1,45,0.0365,189.871,0.818,2008
0.369,0.626,278080,0.686,0,0.0963,2,0.0958,-7.058,1,45,0.0321,126.206,0.394,2009
0.0287,0.717,367307,0.46,0,0.785,11,0.0661,-11.326,0,62,0.0372,110.993,0.0961,2009
0.463,0.697,279253,0.298,0,0.782,2,0.107,-13.037,1,56,0.0286,106.431,0.561,2009
0.00203,0.32,304693,0.782,0,0.000851,8,0.39,-7.37,1,53,0.374,78.05,0.527,2009
0.719,0.546,153947,0.828,0,0.03,4,0.372,-4.771,1,48,0.0394,121.418,0.401,2009
0.851,0.416,203760,0.295,0,0,10,0.156,-11.523,1,53,0.0302,108.211,0.522,2009
0.0067,0.607,210560,0.807,0,1.18E-06,0,0.251,-6.548,0,51,0.126,128.046,0.565,2009
0.0134,0.507,64558,0.522,0,0.758,0,0.62,-6.96,1,50,0.0293,168.01,0.557,2009
0.905,0.39,283093,0.219,0,2.02E-05,1,0.0921,-10.651,1,58,0.0322,125.471,0.117,2009
0.936,0.0603,304655,0.125,0,0.896,6,0.109,-23.406,1,49,0.0459,68.171,0.0341,2009
0.165,0.774,209957,0.912,1,0,2,0.745,-2.787,0,48,0.347,150.083,0.821,2009
0.236,0.556,283667,0.804,0,0,8,0.38,-3.919,1,56,0.0421,116.973,0.413,2009
0.397,0.359,217547,0.527,0,0,9,0.162,-6.371,0,46,0.125,87.28,0.239,2009
0.00466,0.431,204787,0.908,0,0,11,0.0693,-3.732,0,50,0.0388,172.164,0.317,2009
0.819,0.471,243724,0.784,1,1.13E-05,11,0.107,-8.25,0,48,0.883,160.833,0.258,2009
0.369,0.597,185253,0.516,0,0,7,0.261,-5.437,1,46,0.0546,117.959,0.35,2009
0.000299,0.402,256293,0.741,0,0,11,0.203,-3.822,1,48,0.0411,127.835,0.356,2009
0.00232,0.525,161719,0.849,0,0.00196,10,0.322,-7.727,0,59,0.0484,128.055,0.277,2009
0.0382,0.595,190773,0.884,0,0.000118,8,0.142,-3.075,0,48,0.0392,97.02,0.518,2009
0.000407,0.648,209667,0.959,0,0.0647,6,0.153,-5.079,1,46,0.0348,102.494,0.847,2009
0.00182,0.398,196560,0.809,0,0,6,0.334,-6.163,0,46,0.0359,128.495,0.493,2009
0.0245,0.457,231000,0.635,0,0,10,0.113,-5.922,1,45,0.0332,155.843,0.458,2009
0.0222,0.613,200253,0.917,0,5.86E-06,5,0.105,-2.549,1,45,0.054,131.007,0.538,2009
0.373,0.612,298693,0.601,0,0,7,0.156,-7.809,1,49,0.0421,125.164,0.368,2009
0.212,0.782,150933,0.544,0,0.106,4,0.179,-5.448,1,51,0.0306,90.562,0.753,2009
0.0423,0.854,222080,0.903,0,0.00576,11,0.316,-6.821,0,57,0.147,131.02,0.814,2009
0.363,0.875,262973,0.376,0,2.68E-05,10,0.0878,-11.342,1,49,0.0457,129.998,0.91,2009
0.302,0.54,314853,0.643,0,0.000135,11,0.0881,-9.088,0,51,0.0485,159.929,0.593,2009
0.933,0.516,210693,0.24,0,0.0228,10,0.17,-13.131,0,51,0.0404,112.981,0.277,2009
0.000857,0.459,207027,0.946,0,0,11,0.151,-3.977,0,46,0.072,103.034,0.241,2009
0.694,0.771,252653,0.458,0,0.000137,7,0.0784,-7.652,1,53,0.0327,109.089,0.707,2009
0.0317,0.614,182920,0.903,0,0.00242,3,0.628,-4.373,1,48,0.0412,95.046,0.84,2009
0.0452,0.617,189187,0.844,0,0.000189,9,0.0737,-4.384,0,57,0.0764,175.98,0.734,2009
4.55E-05,0.77,256467,0.665,1,0,1,0.368,-6.903,0,45,0.0416,87.011,0.354,2009
1.70E-05,0.399,401120,0.94,0,0.815,4,0.348,-6.686,1,50,0.0915,154.999,0.132,2009
0.961,0.353,107338,0.217,0,0.951,2,0.112,-18.498,1,51,0.0469,103.238,0.154,2009
6.13E-06,0.424,203787,0.956,1,0.0156,11,0.313,-3.766,0,44,0.0754,155.974,0.278,2009
0.815,0.672,306467,0.245,0,0,7,0.121,-9.733,1,51,0.0338,119.848,0.341,2009
0.000363,0.584,286893,0.957,0,0.00396,0,0.161,-4.952,1,49,0.0589,103.242,0.44,2009
0.0676,0.801,303453,0.643,0,0.00047,11,0.613,-7.07,0,46,0.0375,115.038,0.568,2009
0.0328,0.597,236787,0.82,0,0,5,0.119,-2.529,1,46,0.0582,119.969,0.576,2009
0.199,0.488,261200,0.513,0,0.0396,6,0.173,-7.469,1,48,0.0257,73.055,0.406,2009
0.0431,0.64,178013,0.957,0,0,8,0.0789,-2.336,1,60,0.0741,134.992,0.692,2009
0.000112,0.478,251200,0.704,0,0,7,0.0957,-6.283,1,45,0.0276,88.011,0.398,2009
0.0155,0.871,231507,0.883,1,0,11,0.14,-5.075,0,53,0.105,125.037,0.581,2009
0.124,0.63,220520,0.706,0,0,0,0.254,-6.41,1,48,0.0807,75.992,0.677,2009
0.000299,0.505,147853,0.887,0,0,0,0.532,-4.658,1,46,0.0379,133.973,0.85,2009
0.219,0.494,143880,0.885,0,0,0,0.276,-5.054,1,48,0.105,171.143,0.657,2009
0.1,0.646,217013,0.787,0,1.01E-05,1,0.133,-4.907,1,50,0.0373,141.946,0.784,2009
0.0985,0.613,252093,0.778,0,0,10,0.356,-3.933,0,60,0.0689,129.483,0.626,2009
0.974,0.324,311240,0.163,0,0.844,9,0.0892,-13.909,0,53,0.0416,139.814,0.0852,2009
0.612,0.501,215040,0.563,0,0,2,0.114,-4.849,1,56,0.0253,150.047,0.473,2009
0.313,0.531,327147,0.575,0,0.12,5,0.11,-11.302,0,55,0.0372,112.866,0.484,2009
0.808,0.151,376533,0.125,0,0.308,2,0.121,-20.414,1,55,0.0386,150.812,0.29,2009
0.00054,0.577,174920,0.862,0,1.35E-06,8,0.0583,-3.239,0,46,0.0366,123.007,0.606,2009
0.00209,0.538,208240,0.925,0,0,11,0.258,-3.178,1,51,0.0392,98.016,0.443,2009
0.371,0.415,293987,0.295,0,0.00545,9,0.111,-11.539,1,47,0.0346,136.046,0.305,2009
0.378,0.638,203667,0.576,0,1.16E-05,2,0.0608,-9.27,1,53,0.0851,187.948,0.787,2009
0.0105,0.434,198893,0.853,0,0,2,0.214,-4.05,1,52,0.0432,136.997,0.668,2009
0.891,0.317,172653,0.0436,0,0.922,0,0.157,-29.086,1,54,0.0317,89.651,0.0396,2009
0.041,0.533,372133,0.747,0,5.70E-06,10,0.261,-5.678,0,54,0.0443,124.97,0.277,2009
0.272,0.818,234747,0.968,0,0,10,0.155,-5.865,1,58,0.0833,135.726,0.858,2009
0.0483,0.665,236240,0.866,0,0.0119,8,0.0668,-5.419,1,44,0.0309,110.025,0.492,2009
0.00098,0.502,200347,0.938,0,0,9,0.318,-3.114,1,50,0.13,144.077,0.35,2009
0.00261,0.42,229853,0.758,0,0,1,0.124,-3.834,1,50,0.0361,175.932,0.674,2009
0.802,0.265,270240,0.377,0,0.536,0,0.107,-15.678,1,44,0.0797,214.131,0.0621,2009
0.0447,0.533,270233,0.803,0,0,2,0.392,-6.702,0,59,0.0376,109.998,0.165,2009
0.982,0.447,274280,0.0299,0,0.841,0,0.0736,-25.007,0,50,0.0367,70.893,0.186,2009
0.651,0.6,333947,0.589,0,0.695,5,0.801,-9.197,1,50,0.0275,81.485,0.348,2009
0.506,0.866,151120,0.565,1,0,0,0.0908,-5.856,0,45,0.127,164.991,0.55,2009
0.0604,0.526,277467,0.894,0,1.33E-06,5,0.582,-5.407,0,62,0.0543,101.017,0.653,2009
0.657,0.273,203720,0.783,0,0.000112,4,0.973,-6.779,1,52,0.0494,175.813,0.388,2009
0.293,0.863,251907,0.782,0,0,7,0.112,-3.143,1,49,0.0325,135.009,0.958,2009
0.0498,0.545,235080,0.672,0,2.36E-06,7,0.249,-7.815,1,54,0.0435,159.96,0.313,2009
0.422,0.325,302867,0.682,0,0,10,0.946,-6.419,0,45,0.0551,97.597,0.324,2009
0.189,0.638,47240,0.879,0,2.73E-06,7,0.0788,-3.839,1,45,0.245,164.786,0.881,2009
0.108,0.694,259717,0.626,1,0,9,0.343,-8.185,1,45,0.278,135.966,0.695,2009
0.154,0.578,225907,0.762,0,1.05E-05,0,0.135,-5.735,0,46,0.0559,182.694,0.962,2009
0.401,0.616,253773,0.525,0,0.000484,7,0.309,-7.065,1,50,0.0258,79.976,0.427,2009
0.878,0.164,326296,0.156,0,0.877,0,0.0915,-22.941,1,48,0.0394,66.331,0.0363,2009
5.62E-06,0.505,231600,0.965,0,0.000414,6,0.0594,-2.848,1,46,0.0434,103.832,0.349,2009
0.226,0.731,176107,0.761,0,0,7,0.0911,-4.118,1,48,0.0543,109.665,0.814,2009
0.000424,0.23,544800,0.766,0,0.838,10,0.159,-3.849,0,52,0.0398,151.106,0.227,2009
0.000172,0.51,212693,0.987,0,0,1,0.27,-2.375,0,48,0.139,114.999,0.147,2009
0.00435,0.761,233320,0.704,1,0,11,0.272,-5.975,0,46,0.059,154.007,0.738,2009
0.286,0.65,199000,0.417,1,3.31E-05,2,0.104,-12.413,0,45,0.0574,98.415,0.475,2009
0.599,0.695,250653,0.706,1,0,10,0.23,-5.252,0,44,0.341,84.975,0.741,2009
0.113,0.785,379013,0.645,0,7.91E-05,8,0.0867,-10.278,0,45,0.0531,110.013,0.786,2009
0.952,0.171,251053,0.115,0,0.000881,10,0.115,-15.338,1,47,0.0328,70.935,0.134,2009
0.979,0.483,158187,0.0589,0,0.956,4,0.0375,-28.255,0,54,0.0394,84.038,0.0783,2009
0.479,0.706,156320,0.769,0,0.000116,10,0.101,-5.283,1,54,0.114,98.495,0.942,2009
0.2,0.552,219560,0.737,0,0,3,0.106,-4.185,1,44,0.0244,136.223,0.49,2009
0.0178,0.659,226920,0.948,1,1.39E-05,1,0.357,-1.667,0,48,0.302,110.348,0.458,2009
0.811,0.6,210347,0.207,0,0,6,0.112,-12.341,0,44,0.0337,73.366,0.265,2009
0.866,0.0637,560653,0.249,0,0.974,7,0.093,-16.187,1,45,0.0429,67.693,0.0372,2009
0.139,0.467,157267,0.783,0,0.0214,8,0.08,-5.207,1,53,0.0528,160.841,0.591,2009
0.0498,0.833,185787,0.325,0,0.0674,1,0.15,-10.093,0,56,0.0404,102.02,0.864,2009
0.478,0.844,201387,0.742,0,0.112,0,0.0801,-4.71,1,48,0.0387,124.162,0.978,2009
0.00223,0.616,167187,0.744,0,0,5,0.158,-4.682,0,48,0.0283,118.995,0.74,2009